scope,instance_id,n,family,operational_level,threshold,rho_tau_exact_validation,bbht_schedule_uses_rho,bbht_lambda,eps_per_logical_depth_model,fixed_overhead_ratio_to_oracle,expected_bbht_trials_to_success,expected_bbht_grover_iterations_to_success,bbht_expected_resource_per_target_hit_model,uniform_expected_resource_per_target_hit_model,oracle_informed_k_star,oracle_informed_expected_resource_per_target_hit_model,bbht_over_uniform_resource_ratio,bbht_over_oracle_informed_resource_ratio,evidence_label
primary,n8_d25_s17,8,random_fixed_density,0.25,25,0.28125,False,1.2,0.0,0.0,2.151722787123282,0.6244165329894626,1097.4543843687568,28.444444444444443,0,28.44444444444445,38.58238070046411,38.5823807004641,BBHT schedule does not consume rho; exact rho used only for retrospective expected-cost evaluation under the logical model
primary,n8_d25_s17,8,random_fixed_density,0.25,25,0.28125,False,1.2,0.0,0.25,2.151722787123282,0.6244165329894626,1954.377984340604,1444.4444444444443,0,1444.4444444444448,1.3530309122358029,1.3530309122358024,BBHT schedule does not consume rho; exact rho used only for retrospective expected-cost evaluation under the logical model
primary,n8_d25_s17,8,random_fixed_density,0.25,25,0.28125,False,1.2,0.0001,0.0,2.1787628168722692,0.647143915265208,1136.9890759437876,28.447289031115854,0,28.447289031115858,39.96827517378336,39.96827517378336,BBHT schedule does not consume rho; exact rho used only for retrospective expected-cost evaluation under the logical model
primary,n8_d25_s17,8,random_fixed_density,0.25,25,0.28125,False,1.2,0.0001,0.25,2.1787628168722692,0.647143915265208,2004.6813677631687,1444.588896111352,0,1444.5888961113521,1.3877175528342451,1.387717552834245,BBHT schedule does not consume rho; exact rho used only for retrospective expected-cost evaluation under the logical model
primary,n8_d25_s17,8,random_fixed_density,0.4,28,0.1875,False,1.2,0.0,0.0,2.428392454236095,0.7815144430183055,1371.4471260555574,42.666666666666664,0,42.66666666666667,32.14329201692713,32.14329201692712,BBHT schedule does not consume rho; exact rho used only for retrospective expected-cost evaluation under the logical model
primary,n8_d25_s17,8,random_fixed_density,0.4,28,0.1875,False,1.2,0.0,0.25,2.428392454236095,0.7815144430183055,2338.554420955081,2166.6666666666665,0,2166.666666666667,1.0793328096715757,1.0793328096715755,BBHT schedule does not consume rho; exact rho used only for retrospective expected-cost evaluation under the logical model
primary,n8_d25_s17,8,random_fixed_density,0.4,28,0.1875,False,1.2,0.0001,0.0,2.4624082567912575,0.8103283927705557,1421.5673855473915,42.67093354667378,0,42.67093354667378,33.31465396679148,33.31465396679148,BBHT schedule does not consume rho; exact rho used only for retrospective expected-cost evaluation under the logical model
primary,n8_d25_s17,8,random_fixed_density,0.4,28,0.1875,False,1.2,0.0001,0.25,2.4624082567912575,0.8103283927705557,2402.221473814509,2166.8833441670276,0,2166.883344167028,1.1086067370820776,1.1086067370820774,BBHT schedule does not consume rho; exact rho used only for retrospective expected-cost evaluation under the logical model
primary,n8_d25_s17,8,random_fixed_density,0.55,31,0.1328125,False,1.2,0.0,0.0,2.7782502232591733,1.0086474840188682,1767.1861491387153,60.23529411764706,0,60.23529411764706,29.338051304060706,29.338051304060706,BBHT schedule does not consume rho; exact rho used only for retrospective expected-cost evaluation under the logical model
primary,n8_d25_s17,8,random_fixed_density,0.55,31,0.1328125,False,1.2,0.0,0.25,2.7782502232591733,1.0086474840188682,2873.6243005516812,3058.823529411765,1,2639.1185424658565,0.9394540982572803,1.0888576069291358,BBHT schedule does not consume rho; exact rho used only for retrospective expected-cost evaluation under the logical model
primary,n8_d25_s17,8,random_fixed_density,0.55,31,0.1328125,False,1.2,0.0001,0.0,2.81989324688362,1.0472598792568564,1834.3187370894304,60.24131794824534,0,60.24131794824534,30.449512055253084,30.449512055253084,BBHT schedule does not consume rho; exact rho used only for retrospective expected-cost evaluation under the logical model
primary,n8_d25_s17,8,random_fixed_density,0.55,31,0.1328125,False,1.2,0.0001,0.25,2.81989324688362,1.0472598792568564,2957.3412226608325,3059.1294270593335,1,2710.5321365784116,0.9667264145484856,1.0910555837917404,BBHT schedule does not consume rho; exact rho used only for retrospective expected-cost evaluation under the logical model
primary,n8_d25_s42,8,random_fixed_density,0.25,24,0.28125,False,1.2,0.0,0.0,2.151722787123282,0.6244165329894626,1097.4543843687568,28.444444444444443,0,28.44444444444445,38.58238070046411,38.5823807004641,BBHT schedule does not consume rho; exact rho used only for retrospective expected-cost evaluation under the logical model
primary,n8_d25_s42,8,random_fixed_density,0.25,24,0.28125,False,1.2,0.0,0.25,2.151722787123282,0.6244165329894626,1954.377984340604,1444.4444444444443,0,1444.4444444444448,1.3530309122358029,1.3530309122358024,BBHT schedule does not consume rho; exact rho used only for retrospective expected-cost evaluation under the logical model
primary,n8_d25_s42,8,random_fixed_density,0.25,24,0.28125,False,1.2,0.0001,0.0,2.1787628168722692,0.647143915265208,1136.9890759437876,28.447289031115854,0,28.447289031115858,39.96827517378336,39.96827517378336,BBHT schedule does not consume rho; exact rho used only for retrospective expected-cost evaluation under the logical model
primary,n8_d25_s42,8,random_fixed_density,0.25,24,0.28125,False,1.2,0.0001,0.25,2.1787628168722692,0.647143915265208,2004.6813677631687,1444.588896111352,0,1444.5888961113521,1.3877175528342451,1.387717552834245,BBHT schedule does not consume rho; exact rho used only for retrospective expected-cost evaluation under the logical model
primary,n8_d25_s42,8,random_fixed_density,0.4,27,0.21875,False,1.2,0.0,0.0,2.305248183737478,0.7083216836450498,1243.838498175836,36.57142857142857,0,36.57142857142857,34.01120893449552,34.01120893449552,BBHT schedule does not consume rho; exact rho used only for retrospective expected-cost evaluation under the logical model
primary,n8_d25_s42,8,random_fixed_density,0.4,27,0.21875,False,1.2,0.0,0.25,2.305248183737478,0.7083216836450498,2161.903587349286,1857.142857142857,0,1857.142857142857,1.1641019316496157,1.1641019316496157,BBHT schedule does not consume rho; exact rho used only for retrospective expected-cost evaluation under the logical model
primary,n8_d25_s42,8,random_fixed_density,0.4,27,0.21875,False,1.2,0.0001,0.0,2.336411314171112,0.7342499398603872,1288.9436864718384,36.57508589714895,0,36.57508589714895,35.24102964778853,35.24102964778853,BBHT schedule does not consume rho; exact rho used only for retrospective expected-cost evaluation under the logical model
primary,n8_d25_s42,8,random_fixed_density,0.4,27,0.21875,False,1.2,0.0001,0.25,2.336411314171112,0.7342499398603872,2219.4194923404843,1857.3285807145953,0,1857.3285807145953,1.194952533108911,1.194952533108911,BBHT schedule does not consume rho; exact rho used only for retrospective expected-cost evaluation under the logical model
primary,n8_d25_s42,8,random_fixed_density,0.55,30,0.0625,False,1.2,0.0,0.0,3.874480515357892,1.8926478308514458,3305.2765914958636,128.0,0,128.0,25.822473371061434,25.822473371061434,BBHT schedule does not consume rho; exact rho used only for retrospective expected-cost evaluation under the logical model
primary,n8_d25_s42,8,random_fixed_density,0.55,30,0.0625,False,1.2,0.0,0.25,3.874480515357892,1.8926478308514458,4848.288456737146,6500.0,2,4255.888202096211,0.7458905318057147,1.1391954455826991,BBHT schedule does not consume rho; exact rho used only for retrospective expected-cost evaluation under the logical model
primary,n8_d25_s42,8,random_fixed_density,0.55,30,0.0625,False,1.2,0.0001,0.0,3.9421207874722635,1.982496736772854,3461.256320916817,128.01280064002134,0,128.01280064002134,27.038361035862735,27.038361035862735,BBHT schedule does not consume rho; exact rho used only for retrospective expected-cost evaluation under the logical model
primary,n8_d25_s42,8,random_fixed_density,0.55,30,0.0625,False,1.2,0.0001,0.25,3.9421207874722635,1.982496736772854,5031.205924527646,6500.650032501083,2,4488.881148969199,0.7739542813985207,1.1208151335623986,BBHT schedule does not consume rho; exact rho used only for retrospective expected-cost evaluation under the logical model
primary,n8_d50_s17,8,random_fixed_density,0.25,48,0.1953125,False,1.2,0.0,0.0,2.393710780283914,0.7604980866932048,2764.54777920474,40.96,0,40.959999999999994,67.49384226574072,67.49384226574074,BBHT schedule does not consume rho; exact rho used only for retrospective expected-cost evaluation under the logical model
primary,n8_d50_s17,8,random_fixed_density,0.25,48,0.1953125,False,1.2,0.0,0.25,2.393710780283914,0.7604980866932048,4842.887164186249,4486.4,0,4486.4,1.0794595141285328,1.0794595141285328,BBHT schedule does not consume rho; exact rho used only for retrospective expected-cost evaluation under the logical model
primary,n8_d50_s17,8,random_fixed_density,0.25,48,0.1953125,False,1.2,0.0001,0.0,2.463442067290626,0.8213846166360631,2984.9060025945146,40.96409620480682,0,40.96409620480682,72.86639470015352,72.86639470015352,BBHT schedule does not consume rho; exact rho used only for retrospective expected-cost evaluation under the logical model
primary,n8_d50_s17,8,random_fixed_density,0.25,48,0.1953125,False,1.2,0.0001,0.25,2.463442067290626,0.8213846166360631,5123.7895775196,4486.848662432748,0,4486.848662432747,1.1419572985422481,1.1419572985422484,BBHT schedule does not consume rho; exact rho used only for retrospective expected-cost evaluation under the logical model
primary,n8_d50_s17,8,random_fixed_density,0.4,54,0.0625,False,1.2,0.0,0.0,3.874480515357892,1.8926478308514458,6863.454513496582,128.0,0,128.0,53.62073838669205,53.62073838669205,BBHT schedule does not consume rho; exact rho used only for retrospective expected-cost evaluation under the logical model
primary,n8_d50_s17,8,random_fixed_density,0.4,54,0.0625,False,1.2,0.0,0.25,3.874480515357892,1.8926478308514458,10227.472220956073,14020.0,2,8912.18489653319,0.7294915992122734,1.1475830382440253,BBHT schedule does not consume rho; exact rho used only for retrospective expected-cost evaluation under the logical model
primary,n8_d50_s17,8,random_fixed_density,0.4,54,0.0625,False,1.2,0.0001,0.0,4.01819171948271,2.0943213023457785,7592.645435224123,128.01280064002134,0,128.01280064002134,59.31161100502001,59.31161100502001,BBHT schedule does not consume rho; exact rho used only for retrospective expected-cost evaluation under the logical model
primary,n8_d50_s17,8,random_fixed_density,0.4,54,0.0625,False,1.2,0.0001,0.25,4.01819171948271,2.0943213023457785,11081.440395664984,14021.402070102336,2,9949.471457274793,0.7903232743959182,1.1137717659929087,BBHT schedule does not consume rho; exact rho used only for retrospective expected-cost evaluation under the logical model
primary,n8_d50_s42,8,random_fixed_density,0.25,49,0.1875,False,1.2,0.0,0.0,2.428392454236095,0.7815144430183055,2840.6942789299715,42.666666666666664,0,42.66666666666667,66.57877216242122,66.5787721624212,BBHT schedule does not consume rho; exact rho used only for retrospective expected-cost evaluation under the logical model
primary,n8_d50_s42,8,random_fixed_density,0.25,49,0.1875,False,1.2,0.0,0.25,2.428392454236095,0.7815144430183055,4949.146027320461,4673.333333333333,0,4673.333333333334,1.0590184081284868,1.0590184081284866,BBHT schedule does not consume rho; exact rho used only for retrospective expected-cost evaluation under the logical model
primary,n8_d50_s42,8,random_fixed_density,0.25,49,0.1875,False,1.2,0.0001,0.0,2.499789616520328,0.844279633260742,3067.847793003441,42.67093354667378,0,42.67093354667378,71.89549273975473,71.89549273975473,BBHT schedule does not consume rho; exact rho used only for retrospective expected-cost evaluation under the logical model
primary,n8_d50_s42,8,random_fixed_density,0.25,49,0.1875,False,1.2,0.0001,0.25,2.499789616520328,0.844279633260742,5238.290127547216,4673.800690034112,0,4673.800690034112,1.1207773876016487,1.1207773876016487,BBHT schedule does not consume rho; exact rho used only for retrospective expected-cost evaluation under the logical model
primary,n8_d50_s42,8,random_fixed_density,0.4,54,0.046875,False,1.2,0.0,0.0,4.4066067163113445,2.4172015748988103,8761.350539115196,170.66666666666666,0,170.66666666666669,51.3360383151281,51.33603831512809,BBHT schedule does not consume rho; exact rho used only for retrospective expected-cost evaluation under the logical model
primary,n8_d50_s42,8,random_fixed_density,0.4,54,0.046875,False,1.2,0.0,0.25,4.4066067163113445,2.4172015748988103,12587.386820552521,18693.333333333332,2,10286.593632684813,0.6733623477471036,1.2236691046642618,BBHT schedule does not consume rho; exact rho used only for retrospective expected-cost evaluation under the logical model
primary,n8_d50_s42,8,random_fixed_density,0.4,54,0.046875,False,1.2,0.0001,0.0,4.580243693981967,2.7036972084432183,9796.988872031872,170.68373418669512,0,170.68373418669512,57.39849153590613,57.39849153590613,BBHT schedule does not consume rho; exact rho used only for retrospective expected-cost evaluation under the logical model
primary,n8_d50_s42,8,random_fixed_density,0.4,54,0.046875,False,1.2,0.0001,0.25,4.580243693981967,2.7036972084432183,13773.785459331715,18695.20276013645,2,11483.847219192512,0.7367550721996655,1.1994051467623252,BBHT schedule does not consume rho; exact rho used only for retrospective expected-cost evaluation under the logical model
primary,n8_d50_s42,8,random_fixed_density,0.55,60,0.015625,False,1.2,0.0,0.0,6.886219008916601,5.846275732410983,21160.145146074985,512.0,0,512.0,41.328408488427705,41.328408488427705,BBHT schedule does not consume rho; exact rho used only for retrospective expected-cost evaluation under the logical model
primary,n8_d50_s42,8,random_fixed_density,0.55,60,0.015625,False,1.2,0.0,0.25,6.886219008916601,5.846275732410983,27139.104800566816,56080.0,4,18761.245890183174,0.4839355349601786,1.4465513089814233,BBHT schedule does not consume rho; exact rho used only for retrospective expected-cost evaluation under the logical model
primary,n8_d50_s42,8,random_fixed_density,0.55,60,0.015625,False,1.2,0.0001,0.0,7.22786619552547,6.870744248362448,24861.209666152634,512.0512025600854,0,512.0512025600854,48.552194666968596,48.552194666968596,BBHT schedule does not consume rho; exact rho used only for retrospective expected-cost evaluation under the logical model
primary,n8_d50_s42,8,random_fixed_density,0.55,60,0.015625,False,1.2,0.0001,0.25,7.22786619552547,6.870744248362448,31136.804490417628,56085.608280409346,3,23348.182029239313,0.555165673424526,1.3335858205758586,BBHT schedule does not consume rho; exact rho used only for retrospective expected-cost evaluation under the logical model
primary,n8_d75_s17,8,random_fixed_density,0.25,71,0.21875,False,1.2,0.0,0.0,2.305248183737478,0.7083216836450498,3725.7976776680903,36.57142857142857,0,36.57142857142857,101.87728024873685,101.87728024873685,BBHT schedule does not consume rho; exact rho used only for retrospective expected-cost evaluation under the logical model
primary,n8_d75_s17,8,random_fixed_density,0.25,71,0.21875,False,1.2,0.0,0.25,2.305248183737478,0.7083216836450498,6663.260175795571,5861.714285714285,0,5861.714285714285,1.136742572396398,1.136742572396398,BBHT schedule does not consume rho; exact rho used only for retrospective expected-cost evaluation under the logical model
primary,n8_d75_s17,8,random_fixed_density,0.25,71,0.21875,False,1.2,0.0001,0.0,2.4019900910995013,0.7949755029608072,4180.11770322566,36.57508589714895,0,36.57508589714895,114.2886640097133,114.2886640097133,BBHT schedule does not consume rho; exact rho used only for retrospective expected-cost evaluation under the logical model
primary,n8_d75_s17,8,random_fixed_density,0.25,71,0.21875,False,1.2,0.0001,0.25,2.4019900910995013,0.7949755029608072,7240.8535768092015,5862.3004864524055,0,5862.3004864524055,1.235155651530076,1.235155651530076,BBHT schedule does not consume rho; exact rho used only for retrospective expected-cost evaluation under the logical model
primary,n8_d75_s17,8,random_fixed_density,0.4,77,0.078125,False,1.2,0.0,0.0,3.504025353865029,1.5646672559656873,8217.500620555327,102.4,0,102.39999999999998,80.24902949761061,80.24902949761064,BBHT schedule does not consume rho; exact rho used only for retrospective expected-cost evaluation under the logical model
primary,n8_d75_s17,8,random_fixed_density,0.4,77,0.078125,False,1.2,0.0,0.25,3.504025353865029,1.5646672559656873,12682.50492771784,16412.8,1,11548.106003244995,0.7727203723750878,1.0982324654929632,BBHT schedule does not consume rho; exact rho used only for retrospective expected-cost evaluation under the logical model
primary,n8_d75_s17,8,random_fixed_density,0.4,77,0.078125,False,1.2,0.0001,0.0,3.688874215439357,1.805976441429209,9481.991688163995,102.41024051201707,0,102.41024051201705,92.58831578519099,92.58831578519099,BBHT schedule does not consume rho; exact rho used only for retrospective expected-cost evaluation under the logical model
primary,n8_d75_s17,8,random_fixed_density,0.4,77,0.078125,False,1.2,0.0001,0.25,3.688874215439357,1.805976441429209,14182.539657187592,16414.441362066736,1,12513.667426624115,0.8640281654642844,1.1333639590750813,BBHT schedule does not consume rho; exact rho used only for retrospective expected-cost evaluation under the logical model
primary,n8_d75_s17,8,random_fixed_density,0.55,84,0.015625,False,1.2,0.0,0.0,6.886219008916601,5.846275732410983,30654.496935510422,512.0,0,512.0,59.87206432716879,59.87206432716879,BBHT schedule does not consume rho; exact rho used only for retrospective expected-cost evaluation under the logical model
primary,n8_d75_s17,8,random_fixed_density,0.55,84,0.015625,False,1.2,0.0,0.25,6.886219008916601,5.846275732410983,39429.26150762239,82064.0,4,27215.672994340148,0.4804696518281145,1.448770402106985,BBHT schedule does not consume rho; exact rho used only for retrospective expected-cost evaluation under the logical model
primary,n8_d75_s17,8,random_fixed_density,0.55,84,0.015625,False,1.2,0.0001,0.0,7.415453903037902,7.545447168650762,39552.19411194239,512.0512025600854,0,512.0512025600854,77.242654473214,77.242654473214,BBHT schedule does not consume rho; exact rho used only for retrospective expected-cost evaluation under the logical model
primary,n8_d75_s17,8,random_fixed_density,0.55,84,0.015625,False,1.2,0.0001,0.25,7.415453903037902,7.545447168650762,49001.336247888416,82072.20681033368,3,36535.437517980296,0.5970515251421104,1.341200203878036,BBHT schedule does not consume rho; exact rho used only for retrospective expected-cost evaluation under the logical model
primary,n8_d75_s42,8,random_fixed_density,0.25,74,0.1640625,False,1.2,0.0,0.0,2.551979143312441,0.8586912468762499,4514.805819296791,48.76190476190476,0,48.76190476190476,92.58879121604748,92.58879121604748,BBHT schedule does not consume rho; exact rho used only for retrospective expected-cost evaluation under the logical model
primary,n8_d75_s42,8,random_fixed_density,0.25,74,0.1640625,False,1.2,0.0,0.25,2.551979143312441,0.8586912468762499,7766.665242662669,7815.619047619048,1,7230.458582010582,0.993736413627876,1.0741594263448477,BBHT schedule does not consume rho; exact rho used only for retrospective expected-cost evaluation under the logical model
primary,n8_d75_s42,8,random_fixed_density,0.25,74,0.1640625,False,1.2,0.0001,0.0,2.6664475656475504,0.9664240114206051,5079.5948563006295,48.7667811961986,0,48.7667811961986,104.1609622719284,104.1609622719284,BBHT schedule does not consume rho; exact rho used only for retrospective expected-cost evaluation under the logical model
primary,n8_d75_s42,8,random_fixed_density,0.25,74,0.1640625,False,1.2,0.0001,0.25,2.6664475656475504,0.9664240114206051,8477.31566682702,7816.400648603208,0,7816.400648603208,1.0845549055039698,1.0845549055039698,BBHT schedule does not consume rho; exact rho used only for retrospective expected-cost evaluation under the logical model
primary,n8_d75_s42,8,random_fixed_density,0.4,81,0.0546875,False,1.2,0.0,0.0,4.114056341014333,2.120923530281533,11133.826208221659,146.28571428571428,0,146.28571428571428,76.11014009526525,76.11014009526525,BBHT schedule does not consume rho; exact rho used only for retrospective expected-cost evaluation under the logical model
primary,n8_d75_s42,8,random_fixed_density,0.4,81,0.0546875,False,1.2,0.0,0.25,4.114056341014333,2.120923530281533,16376.162500759167,23446.85714285714,2,13742.425656104004,0.698437423872308,1.1916500704142672,BBHT schedule does not consume rho; exact rho used only for retrospective expected-cost evaluation under the logical model
primary,n8_d75_s42,8,random_fixed_density,0.4,81,0.0546875,False,1.2,0.0001,0.0,4.3499820045940885,2.4992504151795147,13115.876529086328,146.3003435885958,0,146.3003435885958,89.65034672761163,89.65034672761163,BBHT schedule does not consume rho; exact rho used only for retrospective expected-cost evaluation under the logical model
primary,n8_d75_s42,8,random_fixed_density,0.4,81,0.0546875,False,1.2,0.0001,0.25,4.3499820045940885,2.4992504151795147,18658.841098440345,23449.201945809622,2,16134.951360382185,0.7957132674092853,1.156423758689185,BBHT schedule does not consume rho; exact rho used only for retrospective expected-cost evaluation under the logical model
primary,n8_d75_s42,8,random_fixed_density,0.55,88,0.0390625,False,1.2,0.0,0.0,4.773447861782991,2.816823904213047,14781.443897545349,204.8,0,204.79999999999995,72.17501903098314,72.17501903098317,BBHT schedule does not consume rho; exact rho used only for retrospective expected-cost evaluation under the logical model
primary,n8_d75_s42,8,random_fixed_density,0.55,88,0.0390625,False,1.2,0.0,0.25,4.773447861782991,2.816823904213047,20864.00983542232,32825.6,2,16707.34435101389,0.6356017813969073,1.2487927103840522,BBHT schedule does not consume rho; exact rho used only for retrospective expected-cost evaluation under the logical model
primary,n8_d75_s42,8,random_fixed_density,0.55,88,0.0390625,False,1.2,0.0001,0.0,5.067683197586831,3.386538738730777,17765.685224097582,204.82048102403414,0,204.8204810240341,86.73783566601874,86.73783566601875,BBHT schedule does not consume rho; exact rho used only for retrospective expected-cost evaluation under the logical model
primary,n8_d75_s42,8,random_fixed_density,0.55,88,0.0390625,False,1.2,0.0001,0.25,5.067683197586831,3.386538738730777,24223.180538622604,32828.88272413347,2,19616.05579761886,0.7378618621344502,1.2348649896052493,BBHT schedule does not consume rho; exact rho used only for retrospective expected-cost evaluation under the logical model
primary,n10_d25_s17,10,random_fixed_density,0.25,37,0.21484375,False,1.2,0.0,0.0,2.3185345678130984,0.7160809237470008,1863.513319707923,46.54545454545455,0,46.54545454545455,40.03641897809991,40.03641897809991,BBHT schedule does not consume rho; exact rho used only for retrospective expected-cost evaluation under the logical model
primary,n10_d25_s17,10,random_fixed_density,0.25,37,0.21484375,False,1.2,0.0,0.25,2.3185345678130984,0.7160809237470008,3250.5766249021094,2831.1272727272726,0,2831.1272727272726,1.1481563037506166,1.1481563037506166,BBHT schedule does not consume rho; exact rho used only for retrospective expected-cost evaluation under the logical model
primary,n10_d25_s17,10,random_fixed_density,0.25,37,0.21484375,False,1.2,0.0001,0.0,2.36593923615715,0.7568596873613809,1968.7887888803214,46.55010932364412,0,46.55010932364412,42.29396702792098,42.29396702792098,BBHT schedule does not consume rho; exact rho used only for retrospective expected-cost evaluation under the logical model
primary,n10_d25_s17,10,random_fixed_density,0.25,37,0.21484375,False,1.2,0.0001,0.25,2.36593923615715,0.7568596873613809,3384.2119369113357,2831.4103996106537,0,2831.4103996106537,1.195238930172997,1.195238930172997,BBHT schedule does not consume rho; exact rho used only for retrospective expected-cost evaluation under the logical model
primary,n10_d25_s17,10,random_fixed_density,0.4,42,0.0859375,False,1.2,0.0,0.0,3.3574381120014363,1.4433992126484292,3743.1103576264773,116.36363636363636,0,116.36363636363636,32.16735463585254,32.16735463585254,BBHT schedule does not consume rho; exact rho used only for retrospective expected-cost evaluation under the logical model
primary,n10_d25_s17,10,random_fixed_density,0.4,42,0.0859375,False,1.2,0.0,0.25,3.3574381120014363,1.4433992126484292,5751.697708131336,7077.818181818182,1,5241.6430827304175,0.8126371093999781,1.0973081564979863,BBHT schedule does not consume rho; exact rho used only for retrospective expected-cost evaluation under the logical model
primary,n10_d25_s17,10,random_fixed_density,0.4,42,0.0859375,False,1.2,0.0001,0.0,3.4404312052269126,1.5411818915699578,3995.2417733870598,116.3752733091103,0,116.3752733091103,34.33067575081086,34.33067575081086,BBHT schedule does not consume rho; exact rho used only for retrospective expected-cost evaluation under the logical model
primary,n10_d25_s17,10,random_fixed_density,0.4,42,0.0859375,False,1.2,0.0001,0.25,3.4404312052269126,1.5411818915699578,6053.4797419140605,7078.525999026634,1,5455.013066394208,0.8551893067492402,1.1097094852451823,BBHT schedule does not consume rho; exact rho used only for retrospective expected-cost evaluation under the logical model
primary,n10_d25_s17,10,random_fixed_density,0.55,46,0.05078125,False,1.2,0.0,0.0,4.252589345988877,2.2593859921198702,5849.147893207956,196.92307692307693,0,196.92307692307696,29.702704145196652,29.70270414519665,BBHT schedule does not consume rho; exact rho used only for retrospective expected-cost evaluation under the logical model
primary,n10_d25_s17,10,random_fixed_density,0.55,46,0.05078125,False,1.2,0.0,0.25,4.252589345988877,2.2593859921198702,8393.259469445802,11977.846153846154,2,6984.953526196291,0.7007319481015941,1.20161994463783,BBHT schedule does not consume rho; exact rho used only for retrospective expected-cost evaluation under the logical model
primary,n10_d25_s17,10,random_fixed_density,0.55,46,0.05078125,False,1.2,0.0001,0.0,4.370031638512261,2.4456960961497463,6329.139283489971,196.94277021541743,0,196.94277021541745,32.13694656862556,32.136946568625554,BBHT schedule does not consume rho; exact rho used only for retrospective expected-cost evaluation under the logical model
primary,n10_d25_s17,10,random_fixed_density,0.55,46,0.05078125,False,1.2,0.0001,0.25,4.370031638512261,2.4456960961497463,8943.510711229932,11979.043998352765,2,7564.440150759964,0.7465963654912489,1.1823096664108603,BBHT schedule does not consume rho; exact rho used only for retrospective expected-cost evaluation under the logical model
primary,n10_d25_s42,10,random_fixed_density,0.25,35,0.22265625,False,1.2,0.0,0.0,2.292487427945316,0.7010469383426265,1824.6155058200038,44.91228070175438,0,44.91228070175438,40.626204621773525,40.626204621773525,BBHT schedule does not consume rho; exact rho used only for retrospective expected-cost evaluation under the logical model
primary,n10_d25_s42,10,random_fixed_density,0.25,35,0.22265625,False,1.2,0.0,0.25,2.292487427945316,0.7010469383426265,3196.096109588289,2731.7894736842104,0,2731.7894736842104,1.169964281792877,1.169964281792877,BBHT schedule does not consume rho; exact rho used only for retrospective expected-cost evaluation under the logical model
primary,n10_d25_s42,10,random_fixed_density,0.25,35,0.22265625,False,1.2,0.0001,0.0,2.3389427216504197,0.7409478335287912,1927.625359385498,44.91677215439345,0,44.91677215439345,42.91549162882024,42.91549162882024,BBHT schedule does not consume rho; exact rho used only for retrospective expected-cost evaluation under the logical model
primary,n10_d25_s42,10,random_fixed_density,0.25,35,0.22265625,False,1.2,0.0001,0.25,2.3389427216504197,0.7409478335287912,3326.8978426128606,2732.0626662909817,0,2732.0626662909817,1.2177238405477062,1.2177238405477062,BBHT schedule does not consume rho; exact rho used only for retrospective expected-cost evaluation under the logical model
primary,n10_d25_s42,10,random_fixed_density,0.4,39,0.125,False,1.2,0.0,0.0,2.8499106095241977,1.0585696784909253,2749.023179816921,80.0,0,79.99999999999999,34.36278974771152,34.36278974771152,BBHT schedule does not consume rho; exact rho used only for retrospective expected-cost evaluation under the logical model
primary,n10_d25_s42,10,random_fixed_density,0.4,39,0.125,False,1.2,0.0,0.25,2.8499106095241977,1.0585696784909253,4453.982201964772,4866.0,1,4068.1599999999994,0.9153272096105162,1.0948394856556214,BBHT schedule does not consume rho; exact rho used only for retrospective expected-cost evaluation under the logical model
primary,n10_d25_s42,10,random_fixed_density,0.4,39,0.125,False,1.2,0.0001,0.0,2.915114350654577,1.1226516593405047,2914.365908011642,80.00800040001333,0,80.00800040001332,36.425931074902316,36.425931074902316,BBHT schedule does not consume rho; exact rho used only for retrospective expected-cost evaluation under the logical model
primary,n10_d25_s42,10,random_fixed_density,0.4,39,0.125,False,1.2,0.0001,0.25,2.915114350654577,1.1226516593405047,4658.3330682907435,4866.486624330811,1,4233.76136183281,0.9572271389796144,1.1002823896229559,BBHT schedule does not consume rho; exact rho used only for retrospective expected-cost evaluation under the logical model
primary,n10_d25_s42,10,random_fixed_density,0.55,43,0.0390625,False,1.2,0.0,0.0,4.773448685863742,2.8180235190309113,7290.05493076808,256.0,0,255.99999999999994,28.476777073312814,28.47677707331282,BBHT schedule does not consume rho; exact rho used only for retrospective expected-cost evaluation under the logical model
primary,n10_d25_s42,10,random_fixed_density,0.55,43,0.0390625,False,1.2,0.0,0.25,4.773448685863742,2.8180235190309113,10145.77060708606,15571.2,2,8173.272242353617,0.6515728143679396,1.241335208989005,BBHT schedule does not consume rho; exact rho used only for retrospective expected-cost evaluation under the logical model
primary,n10_d25_s42,10,random_fixed_density,0.55,43,0.0390625,False,1.2,0.0001,0.0,4.9119426702537154,3.073292043915265,7947.479979564766,256.0256012800427,0,256.0256012800426,31.041739341026894,31.0417393410269,BBHT schedule does not consume rho; exact rho used only for retrospective expected-cost evaluation under the logical model
primary,n10_d25_s42,10,random_fixed_density,0.55,43,0.0390625,False,1.2,0.0001,0.25,4.9119426702537154,3.073292043915265,10886.049682044058,15572.757197858595,2,8851.34431908233,0.6990444623088965,1.2298752923412066,BBHT schedule does not consume rho; exact rho used only for retrospective expected-cost evaluation under the logical model
primary,n10_d50_s17,10,random_fixed_density,0.25,56,0.158203125,False,1.2,0.0,0.0,2.5882772399396035,0.8820749857379317,4882.587643872445,63.20987654320987,0,63.20987654320987,77.2440623347008,77.2440623347008,BBHT schedule does not consume rho; exact rho used only for retrospective expected-cost evaluation under the logical model
primary,n10_d50_s17,10,random_fixed_density,0.25,56,0.158203125,False,1.2,0.0,0.25,2.5882772399396035,0.8820749857379317,8330.81999678198,8484.345679012345,1,7725.013206564516,0.9819048294307314,1.0784214568983086,BBHT schedule does not consume rho; exact rho used only for retrospective expected-cost evaluation under the logical model
primary,n10_d50_s17,10,random_fixed_density,0.25,56,0.158203125,False,1.2,0.0001,0.0,2.7116660016365293,1.0061648195967106,5567.060156715854,63.21619784692412,0,63.21619784692412,88.0638245627537,88.0638245627537,BBHT schedule does not consume rho; exact rho used only for retrospective expected-cost evaluation under the logical model
primary,n10_d50_s17,10,random_fixed_density,0.25,56,0.158203125,False,1.2,0.0001,0.25,2.7116660016365293,1.0061648195967106,9179.67718739612,8485.19415600339,1,8404.468530910344,1.0818464514334507,1.0922376773301818,BBHT schedule does not consume rho; exact rho used only for retrospective expected-cost evaluation under the logical model
primary,n10_d50_s17,10,random_fixed_density,0.4,63,0.02734375,False,1.2,0.0,0.0,5.549005773397666,3.776403115323388,20848.365610704554,365.7142857142857,0,365.71428571428567,57.00724971677026,57.00724971677027,BBHT schedule does not consume rho; exact rho used only for retrospective expected-cost evaluation under the logical model
primary,n10_d50_s17,10,random_fixed_density,0.4,63,0.02734375,False,1.2,0.0,0.25,5.549005773397666,3.776403115323388,28241.028552313597,49088.0,3,21196.226847056696,0.5753143039503259,1.3323611204998564,BBHT schedule does not consume rho; exact rho used only for retrospective expected-cost evaluation under the logical model
primary,n10_d50_s17,10,random_fixed_density,0.4,63,0.02734375,False,1.2,0.0001,0.0,5.945335681407894,4.8817726894007185,26938.493784654445,365.75085897148955,0,365.7508589714895,73.6525783163077,73.65257831630771,BBHT schedule does not consume rho; exact rho used only for retrospective expected-cost evaluation under the logical model
primary,n10_d50_s17,10,random_fixed_density,0.4,63,0.02734375,False,1.2,0.0001,0.25,5.945335681407894,4.8817726894007185,34859.167246210105,49092.909045448185,2,26821.11986646124,0.7100652196825193,1.2996909681537991,BBHT schedule does not consume rho; exact rho used only for retrospective expected-cost evaluation under the logical model
primary,n10_d50_s17,10,random_fixed_density,0.55,69,0.00390625,False,1.2,0.0,0.0,10.601943445684533,15.67601261699328,86418.14490362184,2560.0,0,2560.0000000000005,33.75708785297728,33.75708785297728,BBHT schedule does not consume rho; exact rho used only for retrospective expected-cost evaluation under the logical model
primary,n10_d50_s17,10,random_fixed_density,0.55,69,0.00390625,False,1.2,0.0,0.25,10.601943445684533,15.67601261699328,100542.5840591351,343616.0,9,59135.19996228231,0.29260157867833597,1.7002155082465824,BBHT schedule does not consume rho; exact rho used only for retrospective expected-cost evaluation under the logical model
primary,n10_d50_s17,10,random_fixed_density,0.55,69,0.00390625,False,1.2,0.0001,0.0,12.21625213761077,29.92737473206658,164902.2877961347,2560.2560128004266,0,2560.2560128004275,64.40851499681213,64.40851499681212,BBHT schedule does not consume rho; exact rho used only for retrospective expected-cost evaluation under the logical model
primary,n10_d50_s17,10,random_fixed_density,0.55,69,0.00390625,False,1.2,0.0001,0.25,12.21625213761077,29.92737473206658,181177.38970646664,343650.36331813724,6,107997.43215931526,0.527214311537742,1.6776083105309212,BBHT schedule does not consume rho; exact rho used only for retrospective expected-cost evaluation under the logical model
primary,n10_d50_s42,10,random_fixed_density,0.25,67,0.140625,False,1.2,0.0,0.0,2.7134143171831524,0.9646268415264396,5338.36953261641,71.11111111111111,0,71.11111111111111,75.07082155241825,75.07082155241825,BBHT schedule does not consume rho; exact rho used only for retrospective expected-cost evaluation under the logical model
primary,n10_d50_s42,10,random_fixed_density,0.25,67,0.140625,False,1.2,0.0,0.25,2.7134143171831524,0.9646268415264396,8953.315756683665,9544.888888888889,1,8196.488275257507,0.9380219990937906,1.0923355778731205,BBHT schedule does not consume rho; exact rho used only for retrospective expected-cost evaluation under the logical model
primary,n10_d50_s42,10,random_fixed_density,0.25,67,0.140625,False,1.2,0.0001,0.0,2.845987483563508,1.1030864893129264,6102.054084992606,71.11822257778964,0,71.11822257778964,85.80155498568786,85.80155498568786,BBHT schedule does not consume rho; exact rho used only for retrospective expected-cost evaluation under the logical model
primary,n10_d50_s42,10,random_fixed_density,0.25,67,0.140625,False,1.2,0.0001,0.25,2.845987483563508,1.1030864893129264,9893.62090997009,9545.843425503814,1,8917.412298381421,1.0364323474589068,1.1094721853071499,BBHT schedule does not consume rho; exact rho used only for retrospective expected-cost evaluation under the logical model
primary,n10_d50_s42,10,random_fixed_density,0.4,75,0.046875,False,1.2,0.0,0.0,4.406581525026241,2.4178709171867365,13356.863085280438,213.33333333333334,0,213.33333333333337,62.610295712252054,62.61029571225204,BBHT schedule does not consume rho; exact rho used only for retrospective expected-cost evaluation under the logical model
primary,n10_d50_s42,10,random_fixed_density,0.4,75,0.046875,False,1.2,0.0,0.25,4.406581525026241,2.4178709171867365,19227.53132199665,28634.666666666668,2,15696.544620854884,0.6714773929734348,1.2249531209850093,BBHT schedule does not consume rho; exact rho used only for retrospective expected-cost evaluation under the logical model
primary,n10_d50_s42,10,random_fixed_density,0.4,75,0.046875,False,1.2,0.0001,0.0,4.684782096991209,2.9703113702574493,16401.382225607427,213.35466773336887,0,213.35466773336893,76.87379141901116,76.87379141901113,BBHT schedule does not consume rho; exact rho used only for retrospective expected-cost evaluation under the logical model
primary,n10_d50_s42,10,random_fixed_density,0.4,75,0.046875,False,1.2,0.0001,0.25,4.684782096991209,2.9703113702574493,22642.68317432396,28637.53027651144,2,18577.303622711584,0.7906646612223938,1.218835824303494,BBHT schedule does not consume rho; exact rho used only for retrospective expected-cost evaluation under the logical model
primary,n10_d50_s42,10,random_fixed_density,0.55,83,0.00390625,False,1.2,0.0,0.0,10.601943445684533,15.67601261699328,86418.14490362184,2560.0,0,2560.0000000000005,33.75708785297728,33.75708785297728,BBHT schedule does not consume rho; exact rho used only for retrospective expected-cost evaluation under the logical model
primary,n10_d50_s42,10,random_fixed_density,0.55,83,0.00390625,False,1.2,0.0,0.25,10.601943445684533,15.67601261699328,100542.5840591351,343616.0,9,59135.19996228231,0.29260157867833597,1.7002155082465824,BBHT schedule does not consume rho; exact rho used only for retrospective expected-cost evaluation under the logical model
primary,n10_d50_s42,10,random_fixed_density,0.55,83,0.00390625,False,1.2,0.0001,0.0,12.21625213761077,29.92737473206658,164902.2877961347,2560.2560128004266,0,2560.2560128004275,64.40851499681213,64.40851499681212,BBHT schedule does not consume rho; exact rho used only for retrospective expected-cost evaluation under the logical model
primary,n10_d50_s42,10,random_fixed_density,0.55,83,0.00390625,False,1.2,0.0001,0.25,12.21625213761077,29.92737473206658,181177.38970646664,343650.36331813724,6,107997.43215931526,0.527214311537742,1.6776083105309212,BBHT schedule does not consume rho; exact rho used only for retrospective expected-cost evaluation under the logical model
primary,n10_d75_s17,10,random_fixed_density,0.25,101,0.09765625,False,1.2,0.0,0.0,3.171900183172802,1.296184499624091,12228.815143294423,102.4,0,102.4,119.4220228837346,119.4220228837346,BBHT schedule does not consume rho; exact rho used only for retrospective expected-cost evaluation under the logical model
primary,n10_d75_s17,10,random_fixed_density,0.25,101,0.09765625,False,1.2,0.0,0.25,3.171900183172802,1.296184499624091,19550.353741103052,23738.88,1,17638.440205098785,0.8235583878052819,1.1083947057547405,BBHT schedule does not consume rho; exact rho used only for retrospective expected-cost evaluation under the logical model
primary,n10_d75_s17,10,random_fixed_density,0.25,101,0.09765625,False,1.2,0.0001,0.0,3.472987593744752,1.7756214579224487,16743.327794987687,102.41024051201707,0,102.41024051201707,163.49271040939487,163.49271040939487,BBHT schedule does not consume rho; exact rho used only for retrospective expected-cost evaluation under the logical model
primary,n10_d75_s17,10,random_fixed_density,0.25,101,0.09765625,False,1.2,0.0001,0.25,3.472987593744752,1.7756214579224487,24759.85140824901,23741.254006698357,1,20319.49201064792,1.0429041111839867,1.2185270869603548,BBHT schedule does not consume rho; exact rho used only for retrospective expected-cost evaluation under the logical model
primary,n10_d75_s17,10,random_fixed_density,0.4,113,0.005859375,False,1.2,0.0,0.0,9.468313409945477,11.897335247773974,112048.60781565256,1706.6666666666667,0,1706.666666666667,65.65348114198392,65.65348114198392,BBHT schedule does not consume rho; exact rho used only for retrospective expected-cost evaluation under the logical model
primary,n10_d75_s17,10,random_fixed_density,0.4,113,0.005859375,False,1.2,0.0,0.25,9.468313409945477,11.897335247773974,133903.84224415926,395648.0,7,81894.76928871726,0.33844185297071955,1.6350719759901362,BBHT schedule does not consume rho; exact rho used only for retrospective expected-cost evaluation under the logical model
primary,n10_d75_s17,10,random_fixed_density,0.4,113,0.005859375,False,1.2,0.0001,0.0,12.283023274257845,38.54816426457036,362861.0559623497,1706.837341866951,0,1706.8373418669514,212.59263965097557,212.5926396509755,BBHT schedule does not consume rho; exact rho used only for retrospective expected-cost evaluation under the logical model
primary,n10_d75_s17,10,random_fixed_density,0.4,113,0.005859375,False,1.2,0.0001,0.25,12.283023274257845,38.54816426457036,391213.3444351554,395687.5667783059,4,173806.98616304033,0.9886925374492312,2.2508493649856867,BBHT schedule does not consume rho; exact rho used only for retrospective expected-cost evaluation under the logical model
primary,n10_d75_s42,10,random_fixed_density,0.25,106,0.17578125,False,1.2,0.0,0.0,2.4862040618951466,0.8172608141089767,7715.2863013844235,56.888888888888886,0,56.88888888888888,135.6202670165231,135.6202670165231,BBHT schedule does not consume rho; exact rho used only for retrospective expected-cost evaluation under the logical model
primary,n10_d75_s42,10,random_fixed_density,0.25,106,0.17578125,False,1.2,0.0,0.25,2.4862040618951466,0.8172608141089767,13454.066827253895,13188.266666666666,1,12646.954172387017,1.0201542907271537,1.063818738003266,BBHT schedule does not consume rho; exact rho used only for retrospective expected-cost evaluation under the logical model
primary,n10_d75_s42,10,random_fixed_density,0.25,106,0.17578125,False,1.2,0.0001,0.0,2.6902352547048127,1.060548645962118,10006.66511105058,56.89457806223171,0,56.8945780622317,175.88082119363318,175.8808211936332,BBHT schedule does not consume rho; exact rho used only for retrospective expected-cost evaluation under the logical model
primary,n10_d75_s42,10,random_fixed_density,0.25,106,0.17578125,False,1.2,0.0001,0.25,2.6902352547048127,1.060548645962118,16216.400637722965,13189.585559276866,0,13189.585559276864,1.2294852302100725,1.2294852302100727,BBHT schedule does not consume rho; exact rho used only for retrospective expected-cost evaluation under the logical model
primary,n10_d75_s42,10,random_fixed_density,0.4,115,0.05859375,False,1.2,0.0,0.0,3.9886295476639964,2.000357630807212,18863.2516013725,170.66666666666666,0,170.66666666666666,110.526864851792,110.526864851792,BBHT schedule does not consume rho; exact rho used only for retrospective expected-cost evaluation under the logical model
primary,n10_d75_s42,10,random_fixed_density,0.4,115,0.05859375,False,1.2,0.0,0.25,3.9886295476639964,2.000357630807212,28070.00575476792,39564.8,2,23926.010294388674,0.7094691684216252,1.173200437907992,BBHT schedule does not consume rho; exact rho used only for retrospective expected-cost evaluation under the logical model
primary,n10_d75_s42,10,random_fixed_density,0.4,115,0.05859375,False,1.2,0.0001,0.0,4.428705691221588,3.017835886746858,28442.122751200135,170.68373418669512,0,170.6837341866951,166.63639852225128,166.6363985222513,BBHT schedule does not consume rho; exact rho used only for retrospective expected-cost evaluation under the logical model
primary,n10_d75_s42,10,random_fixed_density,0.4,115,0.05859375,False,1.2,0.0001,0.25,4.428705691221588,3.017835886746858,38664.68266296237,39568.75667783059,1,30147.271042003675,0.9771518215184468,1.282526786888655,BBHT schedule does not consume rho; exact rho used only for retrospective expected-cost evaluation under the logical model
primary,n10_d75_s42,10,random_fixed_density,0.55,124,0.009765625,False,1.2,0.0,0.0,8.09117327844432,8.286556258121104,78057.40612170404,1024.0,0,1023.9999999999998,76.2279356657266,76.22793566572662,BBHT schedule does not consume rho; exact rho used only for retrospective expected-cost evaluation under the logical model
primary,n10_d75_s42,10,random_fixed_density,0.55,124,0.009765625,False,1.2,0.0,0.25,8.09117327844432,8.286556258121104,96733.85684167314,237388.8,5,62879.03143091825,0.4074912415483508,1.538412005406752,BBHT schedule does not consume rho; exact rho used only for retrospective expected-cost evaluation under the logical model
primary,n10_d75_s42,10,random_fixed_density,0.55,124,0.009765625,False,1.2,0.0001,0.0,9.889910923980999,21.670930033902753,204022.35072826472,1024.1024051201707,0,1024.1024051201705,199.2206538215524,199.22065382155242,BBHT schedule does not consume rho; exact rho used only for retrospective expected-cost evaluation under the logical model
primary,n10_d75_s42,10,random_fixed_density,0.55,124,0.009765625,False,1.2,0.0001,0.25,9.889910923980999,21.670930033902753,226850.73761854385,237412.54006698358,3,114442.88667158765,0.95551287035866,1.982217892401899,BBHT schedule does not consume rho; exact rho used only for retrospective expected-cost evaluation under the logical model
primary,n12_d25_s17,12,random_fixed_density,0.25,55,0.1884765625,False,1.2,0.0,0.0,2.423897757084793,0.778851733010663,3264.43687201131,63.66839378238342,0,63.668393782383426,51.27248667791201,51.272486677912006,BBHT schedule does not consume rho; exact rho used only for retrospective expected-cost evaluation under the logical model
primary,n12_d25_s17,12,random_fixed_density,0.25,55,0.1884765625,False,1.2,0.0,0.25,2.423897757084793,0.778851733010663,5650.1582394220195,5285.80310880829,0,5285.803108808291,1.0689308933975552,1.068930893397555,BBHT schedule does not consume rho; exact rho used only for retrospective expected-cost evaluation under the logical model
primary,n12_d25_s17,12,random_fixed_density,0.25,55,0.1884765625,False,1.2,0.0001,0.0,2.5059710512061892,0.8571831473756937,3590.8104468131064,63.67476094011424,0,63.67476094011425,56.39299455227235,56.39299455227234,BBHT schedule does not consume rho; exact rho used only for retrospective expected-cost evaluation under the logical model
primary,n12_d25_s17,12,random_fixed_density,0.25,55,0.1884765625,False,1.2,0.0001,0.25,2.5059710512061892,0.8571831473756937,6057.312453962798,5286.331715549068,0,5286.331715549069,1.1458441845686658,1.1458441845686658,BBHT schedule does not consume rho; exact rho used only for retrospective expected-cost evaluation under the logical model
primary,n12_d25_s17,12,random_fixed_density,0.4,61,0.0732421875,False,1.2,0.0,0.0,3.607271401089914,1.6534965052788417,6911.911739741385,163.84,0,163.83999999999997,42.186961302132474,42.18696130213248,BBHT schedule does not consume rho; exact rho used only for retrospective expected-cost evaluation under the logical model
primary,n12_d25_s17,12,random_fixed_density,0.4,61,0.0732421875,False,1.2,0.0,0.25,3.607271401089914,1.6534965052788417,10462.368616264135,13602.133333333333,1,9595.784043027676,0.7691711557204851,1.0903088866267392,BBHT schedule does not consume rho; exact rho used only for retrospective expected-cost evaluation under the logical model
primary,n12_d25_s17,12,random_fixed_density,0.4,61,0.0732421875,False,1.2,0.0001,0.0,3.7571543078502234,1.87682244364646,7841.406282601596,163.85638481922732,0,163.8563848192273,47.855359992547974,47.85535999254798,BBHT schedule does not consume rho; exact rho used only for retrospective expected-cost evaluation under the logical model
primary,n12_d25_s17,12,random_fixed_density,0.4,61,0.0732421875,False,1.2,0.0001,0.25,3.7571543078502234,1.87682244364646,11539.385410103177,13603.4936146796,1,10220.789577147434,0.848266315768397,1.129011151536079,BBHT schedule does not consume rho; exact rho used only for retrospective expected-cost evaluation under the logical model
primary,n12_d25_s17,12,random_fixed_density,0.55,68,0.0224609375,False,1.2,0.0,0.0,6.004483390030981,4.418411383603436,18426.134688169044,534.2608695652174,0,534.2608695652175,34.48902163312891,34.4890216331289,BBHT schedule does not consume rho; exact rho used only for retrospective expected-cost evaluation under the logical model
primary,n12_d25_s17,12,random_fixed_density,0.55,68,0.0224609375,False,1.2,0.0,0.25,6.004483390030981,4.418411383603436,24336.047464807052,44354.782608695656,3,17824.17533185781,0.548667945901194,1.3653393221121615,BBHT schedule does not consume rho; exact rho used only for retrospective expected-cost evaluation under the logical model
primary,n12_d25_s17,12,random_fixed_density,0.55,68,0.0224609375,False,1.2,0.0001,0.0,6.327924912158957,5.479602669421267,22838.204587721848,534.3142983235673,0,534.3142983235674,42.74301597276666,42.74301597276665,BBHT schedule does not consume rho; exact rho used only for retrospective expected-cost evaluation under the logical model
primary,n12_d25_s17,12,random_fixed_density,0.55,68,0.0224609375,False,1.2,0.0001,0.25,6.327924912158957,5.479602669421267,29066.464682514303,44359.21830873783,3,21534.48708615952,0.6552519586845115,1.3497635010399518,BBHT schedule does not consume rho; exact rho used only for retrospective expected-cost evaluation under the logical model
primary,n12_d25_s42,12,random_fixed_density,0.25,41,0.2119140625,False,1.2,0.0,0.0,2.328858012951349,0.7221044525977243,3027.568192246363,56.62672811059908,0,56.62672811059909,53.46535625955898,53.46535625955897,BBHT schedule does not consume rho; exact rho used only for retrospective expected-cost evaluation under the logical model
primary,n12_d25_s42,12,random_fixed_density,0.25,41,0.2119140625,False,1.2,0.0,0.25,2.328858012951349,0.7221044525977243,5319.74669149373,4701.198156682028,0,4701.198156682029,1.1315725298523167,1.1315725298523165,BBHT schedule does not consume rho; exact rho used only for retrospective expected-cost evaluation under the logical model
primary,n12_d25_s42,12,random_fixed_density,0.25,41,0.2119140625,False,1.2,0.0001,0.0,2.40556764289478,0.7942438369204737,3328.1557102823863,56.63239106655321,0,56.63239106655322,58.76770603542426,58.767706035424254,BBHT schedule does not consume rho; exact rho used only for retrospective expected-cost evaluation under the logical model
primary,n12_d25_s42,12,random_fixed_density,0.25,41,0.2119140625,False,1.2,0.0001,0.25,2.40556764289478,0.7942438369204737,5695.8356628015745,4701.6683000044695,0,4701.66830000447,1.211449915085707,1.2114499150857068,BBHT schedule does not consume rho; exact rho used only for retrospective expected-cost evaluation under the logical model
primary,n12_d25_s42,12,random_fixed_density,0.4,46,0.09521484375,False,1.2,0.0,0.0,3.2076343805220797,1.3239762106619608,5538.288791656052,126.03076923076924,0,126.03076923076925,43.943941828325606,43.9439418283256,BBHT schedule does not consume rho; exact rho used only for retrospective expected-cost evaluation under the logical model
primary,n12_d25_s42,12,random_fixed_density,0.4,46,0.09521484375,False,1.2,0.0,0.25,3.2076343805220797,1.3239762106619608,8695.40293068491,10463.179487179486,1,7885.078439448136,0.831047860866706,1.1027668269199218,BBHT schedule does not consume rho; exact rho used only for retrospective expected-cost evaluation under the logical model
primary,n12_d25_s42,12,random_fixed_density,0.4,46,0.09521484375,False,1.2,0.0001,0.0,3.3330476103431117,1.481426633645469,6193.842807487395,126.04337293786716,0,126.04337293786718,49.14056695817429,49.14056695817428,BBHT schedule does not consume rho; exact rho used only for retrospective expected-cost evaluation under the logical model
primary,n12_d25_s42,12,random_fixed_density,0.4,46,0.09521484375,False,1.2,0.0001,0.25,3.3330476103431117,1.481426633645469,9474.394917967606,10464.225857445846,1,8398.659991463608,0.9054081063460682,1.1280841143226865,BBHT schedule does not consume rho; exact rho used only for retrospective expected-cost evaluation under the logical model
primary,n12_d25_s42,12,random_fixed_density,0.55,51,0.0341796875,False,1.2,0.0,0.0,5.055411844257523,3.1482490136581194,13138.491344866914,351.0857142857143,0,351.0857142857143,37.42246069908382,37.42246069908382,BBHT schedule does not consume rho; exact rho used only for retrospective expected-cost evaluation under the logical model
primary,n12_d25_s42,12,random_fixed_density,0.55,51,0.0341796875,False,1.2,0.0,0.25,5.055411844257523,3.1482490136581194,18114.280452577386,29147.428571428572,3,14482.408419862417,0.6214709612611831,1.2507781804947518,BBHT schedule does not consume rho; exact rho used only for retrospective expected-cost evaluation under the logical model
primary,n12_d25_s42,12,random_fixed_density,0.55,51,0.0341796875,False,1.2,0.0001,0.0,5.303531451353191,3.7611129610554714,15687.305617640663,351.1208246126299,0,351.1208246126299,44.67779897403552,44.67779897403552,BBHT schedule does not consume rho; exact rho used only for retrospective expected-cost evaluation under the logical model
primary,n12_d25_s42,12,random_fixed_density,0.55,51,0.0341796875,False,1.2,0.0001,0.25,5.303531451353191,3.7611129610554714,20907.306448635045,29150.343460027714,2,16431.60267267418,0.7172233314267498,1.2723838851948372,BBHT schedule does not consume rho; exact rho used only for retrospective expected-cost evaluation under the logical model
primary,n12_d50_s17,12,random_fixed_density,0.25,100,0.10009765625,False,1.2,0.0,0.0,3.1375314576241164,1.2697616960095872,11701.681317035556,119.8829268292683,0,119.8829268292683,97.60923950163937,97.60923950163937,BBHT schedule does not consume rho; exact rho used only for retrospective expected-cost evaluation under the logical model
primary,n12_d50_s17,12,random_fixed_density,0.25,100,0.10009765625,False,1.2,0.0,0.25,3.1375314576241164,1.2697616960095872,18736.811227893235,22520.50731707317,1,16912.017420073,0.8319888608232439,1.1078992388959092,BBHT schedule does not consume rho; exact rho used only for retrospective expected-cost evaluation under the logical model
primary,n12_d50_s17,12,random_fixed_density,0.25,100,0.10009765625,False,1.2,0.0001,0.0,3.4284389436764116,1.8973427662268425,17470.131917883893,119.89491572138584,0,119.89491572138584,145.71203301465533,145.71203301465533,BBHT schedule does not consume rho; exact rho used only for retrospective expected-cost evaluation under the logical model
primary,n12_d50_s17,12,random_fixed_density,0.25,100,0.10009765625,False,1.2,0.0001,0.25,3.4284389436764116,1.8973427662268425,25157.54913934233,22522.75948041117,1,19412.641142874072,1.1169834300820345,1.295936444412,BBHT schedule does not consume rho; exact rho used only for retrospective expected-cost evaluation under the logical model
primary,n12_d50_s17,12,random_fixed_density,0.4,112,0.0107421875,False,1.2,0.0,0.0,7.841619240259982,7.733338542746732,71132.54728455462,1117.090909090909,0,1117.090909090909,63.67659669027513,63.67659669027513,BBHT schedule does not consume rho; exact rho used only for retrospective expected-cost evaluation under the logical model
primary,n12_d50_s17,12,random_fixed_density,0.4,112,0.0107421875,False,1.2,0.0,0.25,7.841619240259982,7.733338542746732,88715.41802602758,209850.18181818182,5,58247.2476778621,0.42275597408294024,1.523083434202256,BBHT schedule does not consume rho; exact rho used only for retrospective expected-cost evaluation under the logical model
primary,n12_d50_s17,12,random_fixed_density,0.4,112,0.0107421875,False,1.2,0.0001,0.0,9.700303698851886,31.65487283286967,290898.06548712705,1117.2026237674588,0,1117.2026237674588,260.38075752646665,260.38075752646665,BBHT schedule does not consume rho; exact rho used only for retrospective expected-cost evaluation under the logical model
primary,n12_d50_s17,12,random_fixed_density,0.4,112,0.0107421875,False,1.2,0.0001,0.25,9.700303698851886,31.65487283286967,312648.5714558776,209871.1678856495,3,102092.29951576472,1.4897166419077987,3.062410906001775,BBHT schedule does not consume rho; exact rho used only for retrospective expected-cost evaluation under the logical model
primary,n12_d50_s42,12,random_fixed_density,0.25,98,0.0859375,False,1.2,0.0,0.0,3.3574380842652407,1.4434325336024953,13299.6605106837,139.63636363636363,0,139.63636363636363,95.24496459474004,95.24496459474004,BBHT schedule does not consume rho; exact rho used only for retrospective expected-cost evaluation under the logical model
primary,n12_d50_s42,12,random_fixed_density,0.25,98,0.0859375,False,1.2,0.0,0.25,3.3574380842652407,1.4434325336024953,20827.876055127443,26231.272727272728,1,18867.523724441646,0.7940093594266451,1.1039008806516717,BBHT schedule does not consume rho; exact rho used only for retrospective expected-cost evaluation under the logical model
primary,n12_d50_s42,12,random_fixed_density,0.25,98,0.0859375,False,1.2,0.0001,0.0,3.6833364132666233,2.2493351169337847,20706.59242111295,139.65032797093235,0,139.65032797093235,148.27457065065354,148.27457065065354,BBHT schedule does not consume rho; exact rho used only for retrospective expected-cost evaluation under the logical model
primary,n12_d50_s42,12,random_fixed_density,0.25,98,0.0859375,False,1.2,0.0001,0.25,3.6833364132666233,2.2493351169337847,28965.55349376004,26233.89598570619,1,21657.290092577703,1.1041270236621439,1.3374505014220128,BBHT schedule does not consume rho; exact rho used only for retrospective expected-cost evaluation under the logical model
primary,n12_d50_s42,12,random_fixed_density,0.4,110,0.015625,False,1.2,0.0,0.0,6.885912834341776,5.850963078182071,53829.577790192605,768.0,0,768.0,70.09059608097995,70.09059608097995,BBHT schedule does not consume rho; exact rho used only for retrospective expected-cost evaluation under the logical model
primary,n12_d50_s42,12,random_fixed_density,0.4,110,0.015625,False,1.2,0.0,0.25,6.885912834341776,5.850963078182071,69269.51584299548,144272.0,4,47769.901740754816,0.4801313896181898,1.4500661152480097,BBHT schedule does not consume rho; exact rho used only for retrospective expected-cost evaluation under the logical model
primary,n12_d50_s42,12,random_fixed_density,0.4,110,0.015625,False,1.2,0.0001,0.0,8.182872233543142,18.825403154541213,173028.3478444181,768.076803840128,0,768.076803840128,225.27479931607624,225.27479931607624,BBHT schedule does not consume rho; exact rho used only for retrospective expected-cost evaluation under the logical model
primary,n12_d50_s42,12,random_fixed_density,0.4,110,0.015625,False,1.2,0.0001,0.25,8.182872233543142,18.825403154541213,191376.39311008021,144286.42792138405,3,76226.99151453614,1.3263644811718094,2.510611914594394,BBHT schedule does not consume rho; exact rho used only for retrospective expected-cost evaluation under the logical model
primary,n12_d50_s42,12,random_fixed_density,0.55,121,0.00244140625,False,1.2,0.0,0.0,11.943747428036774,21.3189650014731,195979.3374726683,4915.2,0,4915.199999999999,39.872098281385966,39.87209828138597,BBHT schedule does not consume rho; exact rho used only for retrospective expected-cost evaluation under the logical model
primary,n12_d50_s42,12,random_fixed_density,0.55,121,0.00244140625,False,1.2,0.0,0.25,11.943747428036774,21.3189650014731,222760.20514318376,923340.8,11,125476.91628520022,0.2412545889266279,1.7753082538055482,BBHT schedule does not consume rho; exact rho used only for retrospective expected-cost evaluation under the logical model
primary,n12_d50_s42,12,random_fixed_density,0.55,121,0.00244140625,False,1.2,0.0001,0.0,20.41011365698737,224.68867697085273,2064235.1080181368,4915.691544576819,0,4915.691544576818,419.9277129777357,419.9277129777358,BBHT schedule does not consume rho; exact rho used only for retrospective expected-cost evaluation under the logical model
primary,n12_d50_s42,12,random_fixed_density,0.55,121,0.00244140625,False,1.2,0.0001,0.25,20.41011365698737,224.68867697085273,2109999.6853655167,923433.138696858,5,358614.62852911255,2.2849512292174534,5.883752411383368,BBHT schedule does not consume rho; exact rho used only for retrospective expected-cost evaluation under the logical model
primary,n12_d75_s17,12,random_fixed_density,0.25,139,0.13916015625,False,1.2,0.0,0.0,2.725093172859003,0.9725171039668263,13330.899997716691,86.23157894736842,0,86.2315789473684,154.59417721961495,154.59417721961498,BBHT schedule does not consume rho; exact rho used only for retrospective expected-cost evaluation under the logical model
primary,n12_d75_s17,12,random_fixed_density,0.25,139,0.13916015625,False,1.2,0.0,0.25,2.725093172859003,0.9725171039668263,22498.794704507593,24261.614035087718,1,20523.01422177893,0.9273412177759198,1.0962714570763186,BBHT schedule does not consume rho; exact rho used only for retrospective expected-cost evaluation under the logical model
primary,n12_d75_s17,12,random_fixed_density,0.25,139,0.13916015625,False,1.2,0.0001,0.0,3.1080149887017385,2.1766274363712115,29800.499744804376,86.24020253643542,0,86.2402025364354,345.5522931107917,345.55229311079177,BBHT schedule does not consume rho; exact rho used only for retrospective expected-cost evaluation under the logical model
primary,n12_d75_s17,12,random_fixed_density,0.25,139,0.13916015625,False,1.2,0.0001,0.25,3.1080149887017385,2.1766274363712115,40256.63917054419,24264.04031780334,0,24264.040317803334,1.6591070012773819,1.6591070012773823,BBHT schedule does not consume rho; exact rho used only for retrospective expected-cost evaluation under the logical model
primary,n12_d75_s17,12,random_fixed_density,0.4,150,0.0322265625,False,1.2,0.0,0.0,5.182964584130473,3.304324859850223,45245.53370860151,372.3636363636364,0,372.3636363636364,121.50900165884195,121.50900165884195,BBHT schedule does not consume rho; exact rho used only for retrospective expected-cost evaluation under the logical model
primary,n12_d75_s17,12,random_fixed_density,0.4,150,0.0322265625,False,1.2,0.0,0.25,5.182964584130473,3.304324859850223,62682.32231076245,104766.06060606061,3,48870.47308055905,0.5983075239075692,1.2826215577540179,BBHT schedule does not consume rho; exact rho used only for retrospective expected-cost evaluation under the logical model
primary,n12_d75_s17,12,random_fixed_density,0.4,150,0.0322265625,False,1.2,0.0001,0.0,6.587473237864571,18.02931213917413,246611.86386992142,372.400874589153,0,372.400874589153,662.2214948930857,662.2214948930857,BBHT schedule does not consume rho; exact rho used only for retrospective expected-cost evaluation under the logical model
primary,n12_d75_s17,12,random_fixed_density,0.4,150,0.0322265625,False,1.2,0.0001,0.25,6.587473237864571,18.02931213917413,268773.77071040735,104776.53773596897,2,75281.63423580537,2.5652095069957577,3.570243571872055,BBHT schedule does not consume rho; exact rho used only for retrospective expected-cost evaluation under the logical model
primary,n12_d75_s17,12,random_fixed_density,0.55,161,0.001953125,False,1.2,0.0,0.0,12.586633226414918,24.544701755681906,335775.2914059114,6144.0,0,6143.999999999999,54.65092633559755,54.65092633559756,BBHT schedule does not consume rho; exact rho used only for retrospective expected-cost evaluation under the logical model
primary,n12_d75_s17,12,random_fixed_density,0.55,161,0.001953125,False,1.2,0.0,0.25,12.586633226414918,24.544701755681906,378119.8722378777,1728640.0,13,209562.13638536623,0.2187383563019933,1.8043329714035206,BBHT schedule does not consume rho; exact rho used only for retrospective expected-cost evaluation under the logical model
primary,n12_d75_s17,12,random_fixed_density,0.55,161,0.001953125,False,1.2,0.0001,0.0,43.062718314997255,892.0276644980985,12198103.036966778,6144.614430721024,0,6144.6144307210225,1985.1698059328717,1985.1698059328721,BBHT schedule does not consume rho; exact rho used only for retrospective expected-cost evaluation under the logical model
primary,n12_d75_s17,12,random_fixed_density,0.55,161,0.001953125,False,1.2,0.0001,0.25,43.062718314997255,892.0276644980985,12342976.787058009,1728812.8726434882,4,881179.9983665306,7.139567840089393,14.007327458565275,BBHT schedule does not consume rho; exact rho used only for retrospective expected-cost evaluation under the logical model
primary,n12_d75_s42,12,random_fixed_density,0.25,148,0.08935546875,False,1.2,0.0,0.0,3.2994808984066926,1.3966363941452113,19137.199824322506,134.29508196721312,0,134.2950819672131,142.50112173872958,142.5011217387296,BBHT schedule does not consume rho; exact rho used only for retrospective expected-cost evaluation under the logical model
primary,n12_d75_s42,12,random_fixed_density,0.25,148,0.08935546875,False,1.2,0.0,0.25,3.2994808984066926,1.3966363941452113,30237.47843678722,37784.48087431694,1,27324.608145134367,0.8002618465863426,1.106602454321803,BBHT schedule does not consume rho; exact rho used only for retrospective expected-cost evaluation under the logical model
primary,n12_d75_s42,12,random_fixed_density,0.25,148,0.08935546875,False,1.2,0.0001,0.0,3.843331833564829,3.866434537463359,52915.74584727674,134.30851214690762,0,134.3085121469076,393.986538912717,393.98653891271704,BBHT schedule does not consume rho; exact rho used only for retrospective expected-cost evaluation under the logical model
primary,n12_d75_s42,12,random_fixed_density,0.25,148,0.08935546875,False,1.2,0.0001,0.25,3.843331833564829,3.866434537463359,65845.67496834722,37788.259511333075,1,33571.84245414003,1.7424902818982557,1.961336350791412,BBHT schedule does not consume rho; exact rho used only for retrospective expected-cost evaluation under the logical model
primary,n12_d75_s42,12,random_fixed_density,0.4,161,0.01318359375,False,1.2,0.0,0.0,7.314052327943508,6.648371088948986,90997.59489822378,910.2222222222222,0,910.2222222222222,99.97294361377125,99.97294361377125,BBHT schedule does not consume rho; exact rho used only for retrospective expected-cost evaluation under the logical model
primary,n12_d75_s42,12,random_fixed_density,0.4,161,0.01318359375,False,1.2,0.0,0.25,7.314052327943508,6.648371088948986,115603.8954425077,256094.8148148148,4,78481.86128685759,0.4514105274880409,1.4730014495956723,BBHT schedule does not consume rho; exact rho used only for retrospective expected-cost evaluation under the logical model
primary,n12_d75_s42,12,random_fixed_density,0.4,161,0.01318359375,False,1.2,0.0001,0.0,10.962901152717944,70.66187673125552,966362.0572370206,910.3132489957073,0,910.3132489957073,1061.5709024373186,1061.5709024373186,BBHT schedule does not consume rho; exact rho used only for retrospective expected-cost evaluation under the logical model
primary,n12_d75_s42,12,random_fixed_density,0.4,161,0.01318359375,False,1.2,0.0001,0.25,10.962901152717944,70.66187673125552,1003243.997440052,256120.42557681308,2,156622.1257551588,3.917079222325316,6.405506199094653,BBHT schedule does not consume rho; exact rho used only for retrospective expected-cost evaluation under the logical model
primary,n12_d75_s42,12,random_fixed_density,0.55,175,0.00048828125,False,1.2,0.0,0.0,16.57799898998961,55.76080527121925,762672.1872665317,24576.0,0,24575.999999999996,31.033210744894685,31.03321074489469,BBHT schedule does not consume rho; exact rho used only for retrospective expected-cost evaluation under the logical model
primary,n12_d75_s42,12,random_fixed_density,0.55,175,0.00048828125,False,1.2,0.0,0.25,16.57799898998961,55.76080527121925,818444.7203686043,6914560.0,26,422896.22200043994,0.11836540869825474,1.9353323056353833,BBHT schedule does not consume rho; exact rho used only for retrospective expected-cost evaluation under the logical model
primary,n12_d75_s42,12,random_fixed_density,0.55,175,0.00048828125,False,1.2,0.0001,0.0,142.49450670810924,3953.4522086000006,54061215.43447691,24578.457722884097,0,24578.45772288409,2199.5365227551483,2199.5365227551492,BBHT schedule does not consume rho; exact rho used only for retrospective expected-cost evaluation under the logical model
primary,n12_d75_s42,12,random_fixed_density,0.55,175,0.00048828125,False,1.2,0.0001,0.25,142.49450670810924,3953.4522086000006,54540602.57866967,6915251.490573953,4,3388688.1095563644,7.887002034996546,16.09490186625937,BBHT schedule does not consume rho; exact rho used only for retrospective expected-cost evaluation under the logical model
