break_even_fixed_over_iter_depth,break_even_fixed_over_iter_size,density,diffusion_compiled_1q,diffusion_compiled_cx,diffusion_compiled_depth,diffusion_compiled_size,graph_seed,instance_id,iteration_compiled_depth,iteration_compiled_size,k_star_compiled_depth,k_star_compiled_size,marked_states,n,n_edges,operational_level,oracle_compiled_1q,oracle_compiled_cx,oracle_compiled_depth,oracle_compiled_size,oracle_qubits,prep_compiled_depth,prep_compiled_size,rho,score_compiled_depth,score_compiled_size,state_count,threshold
0.24604277206743053,0.24549432430718496,0.25,134,36,74,170,17,n8_d25_s17,27009.0,36390.0,0,0,48,8,7,0.4,23044,13176,26935,36220,27,3,24,0.1875,0.06249999999999999,0.007812499999999999,256,28
0.14772261677792944,0.14752030978866423,0.5,134,36,74,170,17,n8_d50_s17,73654.0,98750.0,0,0,16,8,14,0.4,62680,35900,73580,98580,30,3,24,0.0625,0.020833333333333332,0.0026041666666666665,256,54
0.1606758998288245,0.16054074707900576,0.75,134,36,74,170,17,n8_d75_s17,110391.0,147848.0,0,0,20,8,21,0.4,93884,53794,110317,147678,30,3,24,0.078125,0.02604166666666667,0.003255208333333334,256,77
0.16506382748273138,0.16460798879995256,0.25,178,48,80,226,17,n10_d25_s17,42356.0,56962.0,0,0,88,10,11,0.4,36084,20652,42276,56736,29,3,30,0.0859375,0.028645833333333332,0.002864583333333333,1024,42
0.1005924631599133,0.10042474846377243,0.5,178,48,80,226,17,n10_d50_s17,115652.0,154915.0,0,0,28,10,22,0.4,98331,56358,115572,154689,32,3,30,0.02734375,0.009114583333333334,0.0009114583333333335,1024,63
0.04959647779709931,0.04951348921315251,0.75,178,48,80,226,17,n10_d75_s17,234259.0,313169.0,0,0,6,10,34,0.4,198837,114106,234179,312943,35,3,30,0.005859375,0.0019531249999999998,0.00019531249999999998,1024,113
0.15799172245396478,0.1577084641803059,0.25,222,60,100,282,17,n12_d25_s17,84184.0,112890.0,0,0,300,12,16,0.4,71586,41022,84084,112608,34,3,36,0.0732421875,0.024414062500000003,0.002034505208333334,4096,61
0.0657691843670263,0.06566397935251127,0.5,222,60,100,282,17,n12_d50_s17,227399.0,304060.0,0,0,44,12,33,0.4,193022,110756,227299,303778,37,3,36,0.0107421875,0.0035807291666666665,0.00029839409722222225,4096,112
0.11032327215977245,0.11025377439636767,0.75,222,60,100,282,17,n12_d75_s17,344436.0,460313.0,0,0,132,12,50,0.4,292283,167748,344336,460031,37,3,36,0.0322265625,0.0107421875,0.0008951822916666666,4096,150
