instance_id,coverage_group,family,n,seed,operational_level,threshold,random_expectation_anchor,spectral_upper_bound,target_event_count_exact_validation,rho_tau_exact_validation,feasible_exact_validation,realized_quality_ratio_exact_validation,construction_uses_C_star,evidence_label
n8_d25_s17,random_seed_expansion,random_fixed_density,8,17,0.25,25,20.0,40.0,72,0.28125,True,0.625,False,exact post-construction threshold validation on expanded coverage suite
n8_d25_s17,random_seed_expansion,random_fixed_density,8,17,0.4,28,20.0,40.0,48,0.1875,True,0.7,False,exact post-construction threshold validation on expanded coverage suite
n8_d25_s17,random_seed_expansion,random_fixed_density,8,17,0.55,31,20.0,40.0,34,0.1328125,True,0.775,False,exact post-construction threshold validation on expanded coverage suite
n8_d25_s42,random_seed_expansion,random_fixed_density,8,42,0.25,24,19.0,38.0,72,0.28125,True,0.7741935483870968,False,exact post-construction threshold validation on expanded coverage suite
n8_d25_s42,random_seed_expansion,random_fixed_density,8,42,0.4,27,19.0,38.0,56,0.21875,True,0.8709677419354839,False,exact post-construction threshold validation on expanded coverage suite
n8_d25_s42,random_seed_expansion,random_fixed_density,8,42,0.55,30,19.0,38.0,16,0.0625,True,0.967741935483871,False,exact post-construction threshold validation on expanded coverage suite
n8_d25_s73,random_seed_expansion,random_fixed_density,8,73,0.25,24,19.0,38.0,64,0.25,True,0.631578947368421,False,exact post-construction threshold validation on expanded coverage suite
n8_d25_s73,random_seed_expansion,random_fixed_density,8,73,0.4,27,19.0,38.0,36,0.140625,True,0.7105263157894737,False,exact post-construction threshold validation on expanded coverage suite
n8_d25_s73,random_seed_expansion,random_fixed_density,8,73,0.55,30,19.0,38.0,24,0.09375,True,0.7894736842105263,False,exact post-construction threshold validation on expanded coverage suite
n8_d25_s101,random_seed_expansion,random_fixed_density,8,101,0.25,23,18.0,36.0,78,0.3046875,True,0.6388888888888888,False,exact post-construction threshold validation on expanded coverage suite
n8_d25_s101,random_seed_expansion,random_fixed_density,8,101,0.4,26,18.0,36.0,48,0.1875,True,0.7222222222222222,False,exact post-construction threshold validation on expanded coverage suite
n8_d25_s101,random_seed_expansion,random_fixed_density,8,101,0.55,28,18.0,36.0,32,0.125,True,0.7777777777777778,False,exact post-construction threshold validation on expanded coverage suite
n8_d25_s211,random_seed_expansion,random_fixed_density,8,211,0.25,28,22.0,44.0,76,0.296875,True,0.6363636363636364,False,exact post-construction threshold validation on expanded coverage suite
n8_d25_s211,random_seed_expansion,random_fixed_density,8,211,0.4,31,22.0,44.0,48,0.1875,True,0.7045454545454546,False,exact post-construction threshold validation on expanded coverage suite
n8_d25_s211,random_seed_expansion,random_fixed_density,8,211,0.55,35,22.0,44.0,20,0.078125,True,0.7954545454545454,False,exact post-construction threshold validation on expanded coverage suite
n8_d50_s17,random_seed_expansion,random_fixed_density,8,17,0.25,48,38.0,76.0,50,0.1953125,True,0.8421052631578947,False,exact post-construction threshold validation on expanded coverage suite
n8_d50_s17,random_seed_expansion,random_fixed_density,8,17,0.4,54,38.0,76.0,16,0.0625,True,0.9473684210526315,False,exact post-construction threshold validation on expanded coverage suite
n8_d50_s17,random_seed_expansion,random_fixed_density,8,17,0.55,59,38.0,76.0,0,0.0,False,1.0350877192982457,False,exact post-construction threshold validation on expanded coverage suite
n8_d50_s42,random_seed_expansion,random_fixed_density,8,42,0.25,49,38.5,77.0,48,0.1875,True,0.8166666666666667,False,exact post-construction threshold validation on expanded coverage suite
n8_d50_s42,random_seed_expansion,random_fixed_density,8,42,0.4,54,38.5,77.0,12,0.046875,True,0.9,False,exact post-construction threshold validation on expanded coverage suite
n8_d50_s42,random_seed_expansion,random_fixed_density,8,42,0.55,60,38.5,77.0,4,0.015625,True,1.0,False,exact post-construction threshold validation on expanded coverage suite
n8_d50_s73,random_seed_expansion,random_fixed_density,8,73,0.25,46,37.0,71.94382510787621,58,0.2265625,True,0.7666666666666667,False,exact post-construction threshold validation on expanded coverage suite
n8_d50_s73,random_seed_expansion,random_fixed_density,8,73,0.4,51,37.0,71.94382510787621,24,0.09375,True,0.85,False,exact post-construction threshold validation on expanded coverage suite
n8_d50_s73,random_seed_expansion,random_fixed_density,8,73,0.55,57,37.0,71.94382510787621,4,0.015625,True,0.95,False,exact post-construction threshold validation on expanded coverage suite
n8_d50_s101,random_seed_expansion,random_fixed_density,8,101,0.25,54,42.5,85.0,38,0.1484375,True,0.8059701492537313,False,exact post-construction threshold validation on expanded coverage suite
n8_d50_s101,random_seed_expansion,random_fixed_density,8,101,0.4,60,42.5,85.0,10,0.0390625,True,0.8955223880597015,False,exact post-construction threshold validation on expanded coverage suite
n8_d50_s101,random_seed_expansion,random_fixed_density,8,101,0.55,66,42.5,85.0,4,0.015625,True,0.9850746268656716,False,exact post-construction threshold validation on expanded coverage suite
n8_d50_s211,random_seed_expansion,random_fixed_density,8,211,0.25,47,37.0,74.0,52,0.203125,True,0.7580645161290323,False,exact post-construction threshold validation on expanded coverage suite
n8_d50_s211,random_seed_expansion,random_fixed_density,8,211,0.4,52,37.0,74.0,24,0.09375,True,0.8387096774193549,False,exact post-construction threshold validation on expanded coverage suite
n8_d50_s211,random_seed_expansion,random_fixed_density,8,211,0.55,58,37.0,74.0,4,0.015625,True,0.9354838709677419,False,exact post-construction threshold validation on expanded coverage suite
n8_d75_s17,random_seed_expansion,random_fixed_density,8,17,0.25,71,59.5,102.64161456720677,56,0.21875,True,0.7888888888888889,False,exact post-construction threshold validation on expanded coverage suite
n8_d75_s17,random_seed_expansion,random_fixed_density,8,17,0.4,77,59.5,102.64161456720677,20,0.078125,True,0.8555555555555555,False,exact post-construction threshold validation on expanded coverage suite
n8_d75_s17,random_seed_expansion,random_fixed_density,8,17,0.55,84,59.5,102.64161456720677,4,0.015625,True,0.9333333333333333,False,exact post-construction threshold validation on expanded coverage suite
n8_d75_s42,random_seed_expansion,random_fixed_density,8,42,0.25,74,61.5,108.86391869310631,42,0.1640625,True,0.8043478260869565,False,exact post-construction threshold validation on expanded coverage suite
n8_d75_s42,random_seed_expansion,random_fixed_density,8,42,0.4,81,61.5,108.86391869310631,14,0.0546875,True,0.8804347826086957,False,exact post-construction threshold validation on expanded coverage suite
n8_d75_s42,random_seed_expansion,random_fixed_density,8,42,0.55,88,61.5,108.86391869310631,10,0.0390625,True,0.9565217391304348,False,exact post-construction threshold validation on expanded coverage suite
n8_d75_s73,random_seed_expansion,random_fixed_density,8,73,0.25,57,48.5,81.20365509840946,60,0.234375,True,0.7916666666666666,False,exact post-construction threshold validation on expanded coverage suite
n8_d75_s73,random_seed_expansion,random_fixed_density,8,73,0.4,62,48.5,81.20365509840946,40,0.15625,True,0.8611111111111112,False,exact post-construction threshold validation on expanded coverage suite
n8_d75_s73,random_seed_expansion,random_fixed_density,8,73,0.55,67,48.5,81.20365509840946,12,0.046875,True,0.9305555555555556,False,exact post-construction threshold validation on expanded coverage suite
n8_d75_s101,random_seed_expansion,random_fixed_density,8,101,0.25,71,59.5,103.08009913031762,50,0.1953125,True,0.8452380952380952,False,exact post-construction threshold validation on expanded coverage suite
n8_d75_s101,random_seed_expansion,random_fixed_density,8,101,0.4,77,59.5,103.08009913031762,16,0.0625,True,0.9166666666666666,False,exact post-construction threshold validation on expanded coverage suite
n8_d75_s101,random_seed_expansion,random_fixed_density,8,101,0.55,84,59.5,103.08009913031762,4,0.015625,True,1.0,False,exact post-construction threshold validation on expanded coverage suite
n8_d75_s211,random_seed_expansion,random_fixed_density,8,211,0.25,58,49.0,83.44938326101385,68,0.265625,True,0.7733333333333333,False,exact post-construction threshold validation on expanded coverage suite
n8_d75_s211,random_seed_expansion,random_fixed_density,8,211,0.4,63,49.0,83.44938326101385,28,0.109375,True,0.84,False,exact post-construction threshold validation on expanded coverage suite
n8_d75_s211,random_seed_expansion,random_fixed_density,8,211,0.55,68,49.0,83.44938326101385,4,0.015625,True,0.9066666666666666,False,exact post-construction threshold validation on expanded coverage suite
n10_d25_s17,random_seed_expansion,random_fixed_density,10,17,0.25,37,29.5,59.0,220,0.21484375,True,0.6271186440677966,False,exact post-construction threshold validation on expanded coverage suite
n10_d25_s17,random_seed_expansion,random_fixed_density,10,17,0.4,42,29.5,59.0,88,0.0859375,True,0.711864406779661,False,exact post-construction threshold validation on expanded coverage suite
n10_d25_s17,random_seed_expansion,random_fixed_density,10,17,0.55,46,29.5,59.0,52,0.05078125,True,0.7796610169491526,False,exact post-construction threshold validation on expanded coverage suite
n10_d25_s42,random_seed_expansion,random_fixed_density,10,42,0.25,35,27.5,55.0,228,0.22265625,True,0.7,False,exact post-construction threshold validation on expanded coverage suite
n10_d25_s42,random_seed_expansion,random_fixed_density,10,42,0.4,39,27.5,55.0,128,0.125,True,0.78,False,exact post-construction threshold validation on expanded coverage suite
n10_d25_s42,random_seed_expansion,random_fixed_density,10,42,0.55,43,27.5,55.0,40,0.0390625,True,0.86,False,exact post-construction threshold validation on expanded coverage suite
n10_d25_s73,random_seed_expansion,random_fixed_density,10,73,0.25,35,28.0,56.0,250,0.244140625,True,0.6481481481481481,False,exact post-construction threshold validation on expanded coverage suite
n10_d25_s73,random_seed_expansion,random_fixed_density,10,73,0.4,40,28.0,56.0,114,0.111328125,True,0.7407407407407407,False,exact post-construction threshold validation on expanded coverage suite
n10_d25_s73,random_seed_expansion,random_fixed_density,10,73,0.55,44,28.0,56.0,46,0.044921875,True,0.8148148148148148,False,exact post-construction threshold validation on expanded coverage suite
n10_d25_s101,random_seed_expansion,random_fixed_density,10,101,0.25,34,26.5,53.0,252,0.24609375,True,0.723404255319149,False,exact post-construction threshold validation on expanded coverage suite
n10_d25_s101,random_seed_expansion,random_fixed_density,10,101,0.4,38,26.5,53.0,92,0.08984375,True,0.8085106382978723,False,exact post-construction threshold validation on expanded coverage suite
n10_d25_s101,random_seed_expansion,random_fixed_density,10,101,0.55,42,26.5,53.0,64,0.0625,True,0.8936170212765957,False,exact post-construction threshold validation on expanded coverage suite
n10_d25_s211,random_seed_expansion,random_fixed_density,10,211,0.25,28,22.0,44.0,234,0.228515625,True,0.7368421052631579,False,exact post-construction threshold validation on expanded coverage suite
n10_d25_s211,random_seed_expansion,random_fixed_density,10,211,0.4,31,22.0,44.0,96,0.09375,True,0.8157894736842105,False,exact post-construction threshold validation on expanded coverage suite
n10_d25_s211,random_seed_expansion,random_fixed_density,10,211,0.55,35,22.0,44.0,14,0.013671875,True,0.9210526315789473,False,exact post-construction threshold validation on expanded coverage suite
n10_d50_s17,random_seed_expansion,random_fixed_density,10,17,0.25,56,44.5,89.0,162,0.158203125,True,0.8,False,exact post-construction threshold validation on expanded coverage suite
n10_d50_s17,random_seed_expansion,random_fixed_density,10,17,0.4,63,44.5,89.0,28,0.02734375,True,0.9,False,exact post-construction threshold validation on expanded coverage suite
n10_d50_s17,random_seed_expansion,random_fixed_density,10,17,0.55,69,44.5,89.0,4,0.00390625,True,0.9857142857142858,False,exact post-construction threshold validation on expanded coverage suite
n10_d50_s42,random_seed_expansion,random_fixed_density,10,42,0.25,67,53.5,107.0,144,0.140625,True,0.7282608695652174,False,exact post-construction threshold validation on expanded coverage suite
n10_d50_s42,random_seed_expansion,random_fixed_density,10,42,0.4,75,53.5,107.0,48,0.046875,True,0.8152173913043478,False,exact post-construction threshold validation on expanded coverage suite
n10_d50_s42,random_seed_expansion,random_fixed_density,10,42,0.55,83,53.5,107.0,4,0.00390625,True,0.9021739130434783,False,exact post-construction threshold validation on expanded coverage suite
n10_d50_s73,random_seed_expansion,random_fixed_density,10,73,0.25,71,57.0,112.26827345640655,150,0.146484375,True,0.7553191489361702,False,exact post-construction threshold validation on expanded coverage suite
n10_d50_s73,random_seed_expansion,random_fixed_density,10,73,0.4,80,57.0,112.26827345640655,38,0.037109375,True,0.851063829787234,False,exact post-construction threshold validation on expanded coverage suite
n10_d50_s73,random_seed_expansion,random_fixed_density,10,73,0.55,88,57.0,112.26827345640655,12,0.01171875,True,0.9361702127659575,False,exact post-construction threshold validation on expanded coverage suite
n10_d50_s101,random_seed_expansion,random_fixed_density,10,101,0.25,65,52.0,104.0,172,0.16796875,True,0.8333333333333334,False,exact post-construction threshold validation on expanded coverage suite
n10_d50_s101,random_seed_expansion,random_fixed_density,10,101,0.4,73,52.0,104.0,28,0.02734375,True,0.9358974358974359,False,exact post-construction threshold validation on expanded coverage suite
n10_d50_s101,random_seed_expansion,random_fixed_density,10,101,0.55,81,52.0,104.0,0,0.0,False,1.0384615384615385,False,exact post-construction threshold validation on expanded coverage suite
n10_d50_s211,random_seed_expansion,random_fixed_density,10,211,0.25,73,58.0,116.0,144,0.140625,True,0.7684210526315789,False,exact post-construction threshold validation on expanded coverage suite
n10_d50_s211,random_seed_expansion,random_fixed_density,10,211,0.4,82,58.0,116.0,40,0.0390625,True,0.8631578947368421,False,exact post-construction threshold validation on expanded coverage suite
n10_d50_s211,random_seed_expansion,random_fixed_density,10,211,0.55,90,58.0,116.0,8,0.0078125,True,0.9473684210526315,False,exact post-construction threshold validation on expanded coverage suite
n10_d75_s17,random_seed_expansion,random_fixed_density,10,17,0.25,101,81.0,160.1701316073504,100,0.09765625,True,0.8782608695652174,False,exact post-construction threshold validation on expanded coverage suite
n10_d75_s17,random_seed_expansion,random_fixed_density,10,17,0.4,113,81.0,160.1701316073504,6,0.005859375,True,0.9826086956521739,False,exact post-construction threshold validation on expanded coverage suite
n10_d75_s17,random_seed_expansion,random_fixed_density,10,17,0.55,125,81.0,160.1701316073504,0,0.0,False,1.0869565217391304,False,exact post-construction threshold validation on expanded coverage suite
n10_d75_s42,random_seed_expansion,random_fixed_density,10,42,0.25,106,91.0,150.02546287691598,180,0.17578125,True,0.7910447761194029,False,exact post-construction threshold validation on expanded coverage suite
n10_d75_s42,random_seed_expansion,random_fixed_density,10,42,0.4,115,91.0,150.02546287691598,60,0.05859375,True,0.8582089552238806,False,exact post-construction threshold validation on expanded coverage suite
n10_d75_s42,random_seed_expansion,random_fixed_density,10,42,0.55,124,91.0,150.02546287691598,10,0.009765625,True,0.9253731343283582,False,exact post-construction threshold validation on expanded coverage suite
n10_d75_s73,random_seed_expansion,random_fixed_density,10,73,0.25,98,82.5,141.12967468255246,166,0.162109375,True,0.8099173553719008,False,exact post-construction threshold validation on expanded coverage suite
n10_d75_s73,random_seed_expansion,random_fixed_density,10,73,0.4,106,82.5,141.12967468255246,50,0.048828125,True,0.8760330578512396,False,exact post-construction threshold validation on expanded coverage suite
n10_d75_s73,random_seed_expansion,random_fixed_density,10,73,0.55,115,82.5,141.12967468255246,4,0.00390625,True,0.9504132231404959,False,exact post-construction threshold validation on expanded coverage suite
n10_d75_s101,random_seed_expansion,random_fixed_density,10,101,0.25,95,75.5,151.0,56,0.0546875,True,0.9223300970873787,False,exact post-construction threshold validation on expanded coverage suite
n10_d75_s101,random_seed_expansion,random_fixed_density,10,101,0.4,106,75.5,151.0,0,0.0,False,1.029126213592233,False,exact post-construction threshold validation on expanded coverage suite
n10_d75_s101,random_seed_expansion,random_fixed_density,10,101,0.55,118,75.5,151.0,0,0.0,False,1.145631067961165,False,exact post-construction threshold validation on expanded coverage suite
n10_d75_s211,random_seed_expansion,random_fixed_density,10,211,0.25,89,76.5,124.5497465330368,220,0.21484375,True,0.8476190476190476,False,exact post-construction threshold validation on expanded coverage suite
n10_d75_s211,random_seed_expansion,random_fixed_density,10,211,0.4,96,76.5,124.5497465330368,72,0.0703125,True,0.9142857142857143,False,exact post-construction threshold validation on expanded coverage suite
n10_d75_s211,random_seed_expansion,random_fixed_density,10,211,0.55,103,76.5,124.5497465330368,6,0.005859375,True,0.9809523809523809,False,exact post-construction threshold validation on expanded coverage suite
n12_d25_s17,random_seed_expansion,random_fixed_density,12,17,0.25,55,43.5,87.0,772,0.1884765625,True,0.6790123456790124,False,exact post-construction threshold validation on expanded coverage suite
n12_d25_s17,random_seed_expansion,random_fixed_density,12,17,0.4,61,43.5,87.0,300,0.0732421875,True,0.7530864197530864,False,exact post-construction threshold validation on expanded coverage suite
n12_d25_s17,random_seed_expansion,random_fixed_density,12,17,0.55,68,43.5,87.0,92,0.0224609375,True,0.8395061728395061,False,exact post-construction threshold validation on expanded coverage suite
n12_d25_s42,random_seed_expansion,random_fixed_density,12,42,0.25,41,32.5,65.0,868,0.2119140625,True,0.6612903225806451,False,exact post-construction threshold validation on expanded coverage suite
n12_d25_s42,random_seed_expansion,random_fixed_density,12,42,0.4,46,32.5,65.0,390,0.09521484375,True,0.7419354838709677,False,exact post-construction threshold validation on expanded coverage suite
n12_d25_s42,random_seed_expansion,random_fixed_density,12,42,0.55,51,32.5,65.0,140,0.0341796875,True,0.8225806451612904,False,exact post-construction threshold validation on expanded coverage suite
n12_d25_s73,random_seed_expansion,random_fixed_density,12,73,0.25,42,33.0,66.0,844,0.2060546875,True,0.7,False,exact post-construction threshold validation on expanded coverage suite
n12_d25_s73,random_seed_expansion,random_fixed_density,12,73,0.4,47,33.0,66.0,332,0.0810546875,True,0.7833333333333333,False,exact post-construction threshold validation on expanded coverage suite
n12_d25_s73,random_seed_expansion,random_fixed_density,12,73,0.55,52,33.0,66.0,104,0.025390625,True,0.8666666666666667,False,exact post-construction threshold validation on expanded coverage suite
n12_d25_s101,random_seed_expansion,random_fixed_density,12,101,0.25,55,44.0,88.0,810,0.19775390625,True,0.7236842105263158,False,exact post-construction threshold validation on expanded coverage suite
n12_d25_s101,random_seed_expansion,random_fixed_density,12,101,0.4,62,44.0,88.0,282,0.06884765625,True,0.8157894736842105,False,exact post-construction threshold validation on expanded coverage suite
n12_d25_s101,random_seed_expansion,random_fixed_density,12,101,0.55,69,44.0,88.0,50,0.01220703125,True,0.9078947368421053,False,exact post-construction threshold validation on expanded coverage suite
n12_d25_s211,random_seed_expansion,random_fixed_density,12,211,0.25,49,38.5,77.0,708,0.1728515625,True,0.6805555555555556,False,exact post-construction threshold validation on expanded coverage suite
n12_d25_s211,random_seed_expansion,random_fixed_density,12,211,0.4,54,38.5,77.0,304,0.07421875,True,0.75,False,exact post-construction threshold validation on expanded coverage suite
n12_d25_s211,random_seed_expansion,random_fixed_density,12,211,0.55,60,38.5,77.0,96,0.0234375,True,0.8333333333333334,False,exact post-construction threshold validation on expanded coverage suite
n12_d50_s17,random_seed_expansion,random_fixed_density,12,17,0.25,100,80.0,160.0,410,0.10009765625,True,0.8403361344537815,False,exact post-construction threshold validation on expanded coverage suite
n12_d50_s17,random_seed_expansion,random_fixed_density,12,17,0.4,112,80.0,160.0,44,0.0107421875,True,0.9411764705882353,False,exact post-construction threshold validation on expanded coverage suite
n12_d50_s17,random_seed_expansion,random_fixed_density,12,17,0.55,124,80.0,160.0,0,0.0,False,1.0420168067226891,False,exact post-construction threshold validation on expanded coverage suite
n12_d50_s42,random_seed_expansion,random_fixed_density,12,42,0.25,98,78.0,156.0,352,0.0859375,True,0.765625,False,exact post-construction threshold validation on expanded coverage suite
n12_d50_s42,random_seed_expansion,random_fixed_density,12,42,0.4,110,78.0,156.0,64,0.015625,True,0.859375,False,exact post-construction threshold validation on expanded coverage suite
n12_d50_s42,random_seed_expansion,random_fixed_density,12,42,0.55,121,78.0,156.0,10,0.00244140625,True,0.9453125,False,exact post-construction threshold validation on expanded coverage suite
n12_d50_s73,random_seed_expansion,random_fixed_density,12,73,0.25,124,98.5,197.0,274,0.06689453125,True,0.8157894736842105,False,exact post-construction threshold validation on expanded coverage suite
n12_d50_s73,random_seed_expansion,random_fixed_density,12,73,0.4,138,98.5,197.0,30,0.00732421875,True,0.9078947368421053,False,exact post-construction threshold validation on expanded coverage suite
n12_d50_s73,random_seed_expansion,random_fixed_density,12,73,0.55,153,98.5,197.0,0,0.0,False,1.006578947368421,False,exact post-construction threshold validation on expanded coverage suite
n12_d50_s101,random_seed_expansion,random_fixed_density,12,101,0.25,108,88.5,164.58657480867245,454,0.11083984375,True,0.8120300751879699,False,exact post-construction threshold validation on expanded coverage suite
n12_d50_s101,random_seed_expansion,random_fixed_density,12,101,0.4,119,88.5,164.58657480867245,94,0.02294921875,True,0.8947368421052632,False,exact post-construction threshold validation on expanded coverage suite
n12_d50_s101,random_seed_expansion,random_fixed_density,12,101,0.55,131,88.5,164.58657480867245,4,0.0009765625,True,0.9849624060150376,False,exact post-construction threshold validation on expanded coverage suite
n12_d50_s211,random_seed_expansion,random_fixed_density,12,211,0.25,97,77.5,155.0,410,0.10009765625,True,0.751937984496124,False,exact post-construction threshold validation on expanded coverage suite
n12_d50_s211,random_seed_expansion,random_fixed_density,12,211,0.4,109,77.5,155.0,78,0.01904296875,True,0.8449612403100775,False,exact post-construction threshold validation on expanded coverage suite
n12_d50_s211,random_seed_expansion,random_fixed_density,12,211,0.55,121,77.5,155.0,10,0.00244140625,True,0.937984496124031,False,exact post-construction threshold validation on expanded coverage suite
n12_d75_s17,random_seed_expansion,random_fixed_density,12,17,0.25,139,120.5,193.05706782323148,570,0.13916015625,True,0.8475609756097561,False,exact post-construction threshold validation on expanded coverage suite
n12_d75_s17,random_seed_expansion,random_fixed_density,12,17,0.4,150,120.5,193.05706782323148,132,0.0322265625,True,0.9146341463414634,False,exact post-construction threshold validation on expanded coverage suite
n12_d75_s17,random_seed_expansion,random_fixed_density,12,17,0.55,161,120.5,193.05706782323148,8,0.001953125,True,0.9817073170731707,False,exact post-construction threshold validation on expanded coverage suite
n12_d75_s42,random_seed_expansion,random_fixed_density,12,42,0.25,148,124.5,214.58047576020033,366,0.08935546875,True,0.8457142857142858,False,exact post-construction threshold validation on expanded coverage suite
n12_d75_s42,random_seed_expansion,random_fixed_density,12,42,0.4,161,124.5,214.58047576020033,54,0.01318359375,True,0.92,False,exact post-construction threshold validation on expanded coverage suite
n12_d75_s42,random_seed_expansion,random_fixed_density,12,42,0.55,175,124.5,214.58047576020033,2,0.00048828125,True,1.0,False,exact post-construction threshold validation on expanded coverage suite
n12_d75_s73,random_seed_expansion,random_fixed_density,12,73,0.25,155,132.5,220.99299096492305,366,0.08935546875,True,0.8333333333333334,False,exact post-construction threshold validation on expanded coverage suite
n12_d75_s73,random_seed_expansion,random_fixed_density,12,73,0.4,168,132.5,220.99299096492305,36,0.0087890625,True,0.9032258064516129,False,exact post-construction threshold validation on expanded coverage suite
n12_d75_s73,random_seed_expansion,random_fixed_density,12,73,0.55,182,132.5,220.99299096492305,4,0.0009765625,True,0.978494623655914,False,exact post-construction threshold validation on expanded coverage suite
n12_d75_s101,random_seed_expansion,random_fixed_density,12,101,0.25,137,117.5,194.3884906009418,540,0.1318359375,True,0.8058823529411765,False,exact post-construction threshold validation on expanded coverage suite
n12_d75_s101,random_seed_expansion,random_fixed_density,12,101,0.4,149,117.5,194.3884906009418,106,0.02587890625,True,0.8764705882352941,False,exact post-construction threshold validation on expanded coverage suite
n12_d75_s101,random_seed_expansion,random_fixed_density,12,101,0.55,160,117.5,194.3884906009418,16,0.00390625,True,0.9411764705882353,False,exact post-construction threshold validation on expanded coverage suite
n12_d75_s211,random_seed_expansion,random_fixed_density,12,211,0.25,151,132.0,205.63681627984613,722,0.17626953125,True,0.8531073446327684,False,exact post-construction threshold validation on expanded coverage suite
n12_d75_s211,random_seed_expansion,random_fixed_density,12,211,0.4,162,132.0,205.63681627984613,188,0.0458984375,True,0.9152542372881356,False,exact post-construction threshold validation on expanded coverage suite
n12_d75_s211,random_seed_expansion,random_fixed_density,12,211,0.55,173,132.0,205.63681627984613,20,0.0048828125,True,0.9774011299435028,False,exact post-construction threshold validation on expanded coverage suite
cycle_n8_s17,structured_family,cycle,8,17,0.25,25,20.0,40.0,74,0.2890625,True,0.625,False,exact post-construction threshold validation on expanded coverage suite
cycle_n8_s17,structured_family,cycle,8,17,0.4,28,20.0,40.0,46,0.1796875,True,0.7,False,exact post-construction threshold validation on expanded coverage suite
cycle_n8_s17,structured_family,cycle,8,17,0.55,31,20.0,40.0,28,0.109375,True,0.775,False,exact post-construction threshold validation on expanded coverage suite
cycle_n8_s42,structured_family,cycle,8,42,0.25,24,19.0,38.0,72,0.28125,True,0.631578947368421,False,exact post-construction threshold validation on expanded coverage suite
cycle_n8_s42,structured_family,cycle,8,42,0.4,27,19.0,38.0,44,0.171875,True,0.7105263157894737,False,exact post-construction threshold validation on expanded coverage suite
cycle_n8_s42,structured_family,cycle,8,42,0.55,30,19.0,38.0,26,0.1015625,True,0.7894736842105263,False,exact post-construction threshold validation on expanded coverage suite
cubic_circulant_n8_s17,structured_family,cubic_circulant,8,17,0.25,33,26.0,52.0,48,0.1875,True,0.7021276595744681,False,exact post-construction threshold validation on expanded coverage suite
cubic_circulant_n8_s17,structured_family,cubic_circulant,8,17,0.4,37,26.0,52.0,28,0.109375,True,0.7872340425531915,False,exact post-construction threshold validation on expanded coverage suite
cubic_circulant_n8_s17,structured_family,cubic_circulant,8,17,0.55,41,26.0,52.0,18,0.0703125,True,0.8723404255319149,False,exact post-construction threshold validation on expanded coverage suite
cubic_circulant_n8_s42,structured_family,cubic_circulant,8,42,0.25,35,27.5,55.0,58,0.2265625,True,0.660377358490566,False,exact post-construction threshold validation on expanded coverage suite
cubic_circulant_n8_s42,structured_family,cubic_circulant,8,42,0.4,39,27.5,55.0,44,0.171875,True,0.7358490566037735,False,exact post-construction threshold validation on expanded coverage suite
cubic_circulant_n8_s42,structured_family,cubic_circulant,8,42,0.55,43,27.5,55.0,8,0.03125,True,0.8113207547169812,False,exact post-construction threshold validation on expanded coverage suite
two_community_n8_s17,structured_family,two_community,8,17,0.25,40,32.5,62.28481043615472,70,0.2734375,True,0.7692307692307693,False,exact post-construction threshold validation on expanded coverage suite
two_community_n8_s17,structured_family,two_community,8,17,0.4,45,32.5,62.28481043615472,18,0.0703125,True,0.8653846153846154,False,exact post-construction threshold validation on expanded coverage suite
two_community_n8_s17,structured_family,two_community,8,17,0.55,49,32.5,62.28481043615472,8,0.03125,True,0.9423076923076923,False,exact post-construction threshold validation on expanded coverage suite
two_community_n8_s42,structured_family,two_community,8,42,0.25,44,34.5,69.0,54,0.2109375,True,0.7457627118644068,False,exact post-construction threshold validation on expanded coverage suite
two_community_n8_s42,structured_family,two_community,8,42,0.4,49,34.5,69.0,14,0.0546875,True,0.8305084745762712,False,exact post-construction threshold validation on expanded coverage suite
two_community_n8_s42,structured_family,two_community,8,42,0.55,54,34.5,69.0,6,0.0234375,True,0.9152542372881356,False,exact post-construction threshold validation on expanded coverage suite
cycle_n10_s17,structured_family,cycle,10,17,0.25,27,21.5,43.0,280,0.2734375,True,0.627906976744186,False,exact post-construction threshold validation on expanded coverage suite
cycle_n10_s17,structured_family,cycle,10,17,0.4,31,21.5,43.0,136,0.1328125,True,0.7209302325581395,False,exact post-construction threshold validation on expanded coverage suite
cycle_n10_s17,structured_family,cycle,10,17,0.55,34,21.5,43.0,74,0.072265625,True,0.7906976744186046,False,exact post-construction threshold validation on expanded coverage suite
cycle_n10_s42,structured_family,cycle,10,42,0.25,26,20.5,41.0,274,0.267578125,True,0.6341463414634146,False,exact post-construction threshold validation on expanded coverage suite
cycle_n10_s42,structured_family,cycle,10,42,0.4,29,20.5,41.0,154,0.150390625,True,0.7073170731707317,False,exact post-construction threshold validation on expanded coverage suite
cycle_n10_s42,structured_family,cycle,10,42,0.55,32,20.5,41.0,82,0.080078125,True,0.7804878048780488,False,exact post-construction threshold validation on expanded coverage suite
cubic_circulant_n10_s17,structured_family,cubic_circulant,10,17,0.25,45,35.5,71.0,218,0.212890625,True,0.6338028169014085,False,exact post-construction threshold validation on expanded coverage suite
cubic_circulant_n10_s17,structured_family,cubic_circulant,10,17,0.4,50,35.5,71.0,82,0.080078125,True,0.704225352112676,False,exact post-construction threshold validation on expanded coverage suite
cubic_circulant_n10_s17,structured_family,cubic_circulant,10,17,0.55,56,35.5,71.0,34,0.033203125,True,0.7887323943661971,False,exact post-construction threshold validation on expanded coverage suite
cubic_circulant_n10_s42,structured_family,cubic_circulant,10,42,0.25,48,38.0,76.0,208,0.203125,True,0.631578947368421,False,exact post-construction threshold validation on expanded coverage suite
cubic_circulant_n10_s42,structured_family,cubic_circulant,10,42,0.4,54,38.0,76.0,82,0.080078125,True,0.7105263157894737,False,exact post-construction threshold validation on expanded coverage suite
cubic_circulant_n10_s42,structured_family,cubic_circulant,10,42,0.55,59,38.0,76.0,34,0.033203125,True,0.7763157894736842,False,exact post-construction threshold validation on expanded coverage suite
two_community_n10_s17,structured_family,two_community,10,17,0.25,60,48.0,96.0,176,0.171875,True,0.8450704225352113,False,exact post-construction threshold validation on expanded coverage suite
two_community_n10_s17,structured_family,two_community,10,17,0.4,68,48.0,96.0,12,0.01171875,True,0.9577464788732394,False,exact post-construction threshold validation on expanded coverage suite
two_community_n10_s17,structured_family,two_community,10,17,0.55,75,48.0,96.0,0,0.0,False,1.056338028169014,False,exact post-construction threshold validation on expanded coverage suite
two_community_n10_s42,structured_family,two_community,10,42,0.25,71,56.5,113.0,120,0.1171875,True,0.8554216867469879,False,exact post-construction threshold validation on expanded coverage suite
two_community_n10_s42,structured_family,two_community,10,42,0.4,80,56.5,113.0,22,0.021484375,True,0.963855421686747,False,exact post-construction threshold validation on expanded coverage suite
two_community_n10_s42,structured_family,two_community,10,42,0.55,88,56.5,113.0,0,0.0,False,1.0602409638554218,False,exact post-construction threshold validation on expanded coverage suite
cycle_n12_s17,structured_family,cycle,12,17,0.25,33,26.0,52.0,938,0.22900390625,True,0.6346153846153846,False,exact post-construction threshold validation on expanded coverage suite
cycle_n12_s17,structured_family,cycle,12,17,0.4,37,26.0,52.0,474,0.11572265625,True,0.7115384615384616,False,exact post-construction threshold validation on expanded coverage suite
cycle_n12_s17,structured_family,cycle,12,17,0.55,41,26.0,52.0,174,0.04248046875,True,0.7884615384615384,False,exact post-construction threshold validation on expanded coverage suite
cycle_n12_s42,structured_family,cycle,12,42,0.25,35,27.5,55.0,950,0.23193359375,True,0.6363636363636364,False,exact post-construction threshold validation on expanded coverage suite
cycle_n12_s42,structured_family,cycle,12,42,0.4,39,27.5,55.0,506,0.12353515625,True,0.7090909090909091,False,exact post-construction threshold validation on expanded coverage suite
cycle_n12_s42,structured_family,cycle,12,42,0.55,43,27.5,55.0,214,0.05224609375,True,0.7818181818181819,False,exact post-construction threshold validation on expanded coverage suite
cubic_circulant_n12_s17,structured_family,cubic_circulant,12,17,0.25,54,42.5,85.0,654,0.15966796875,True,0.675,False,exact post-construction threshold validation on expanded coverage suite
cubic_circulant_n12_s17,structured_family,cubic_circulant,12,17,0.4,60,42.5,85.0,292,0.0712890625,True,0.75,False,exact post-construction threshold validation on expanded coverage suite
cubic_circulant_n12_s17,structured_family,cubic_circulant,12,17,0.55,66,42.5,85.0,82,0.02001953125,True,0.825,False,exact post-construction threshold validation on expanded coverage suite
cubic_circulant_n12_s42,structured_family,cubic_circulant,12,42,0.25,57,45.5,91.0,740,0.1806640625,True,0.6477272727272727,False,exact post-construction threshold validation on expanded coverage suite
cubic_circulant_n12_s42,structured_family,cubic_circulant,12,42,0.4,64,45.5,91.0,266,0.06494140625,True,0.7272727272727273,False,exact post-construction threshold validation on expanded coverage suite
cubic_circulant_n12_s42,structured_family,cubic_circulant,12,42,0.55,71,45.5,91.0,84,0.0205078125,True,0.8068181818181818,False,exact post-construction threshold validation on expanded coverage suite
two_community_n12_s17,structured_family,two_community,12,17,0.25,86,72.5,126.29768756995986,752,0.18359375,True,0.7889908256880734,False,exact post-construction threshold validation on expanded coverage suite
two_community_n12_s17,structured_family,two_community,12,17,0.4,95,72.5,126.29768756995986,114,0.02783203125,True,0.8715596330275229,False,exact post-construction threshold validation on expanded coverage suite
two_community_n12_s17,structured_family,two_community,12,17,0.55,103,72.5,126.29768756995986,16,0.00390625,True,0.944954128440367,False,exact post-construction threshold validation on expanded coverage suite
two_community_n12_s42,structured_family,two_community,12,42,0.25,96,83.5,131.82369971342285,976,0.23828125,True,0.8205128205128205,False,exact post-construction threshold validation on expanded coverage suite
two_community_n12_s42,structured_family,two_community,12,42,0.4,103,83.5,131.82369971342285,348,0.0849609375,True,0.8803418803418803,False,exact post-construction threshold validation on expanded coverage suite
two_community_n12_s42,structured_family,two_community,12,42,0.55,111,83.5,131.82369971342285,50,0.01220703125,True,0.9487179487179487,False,exact post-construction threshold validation on expanded coverage suite
