instance_id,coverage_group,family,n,seed,operational_level,threshold,rho_tau_exact_validation,eps_per_logical_depth_model,k_star,p_target_eff,oracle_logical_depth_model,iteration_logical_depth_model,oracle_gate_equivalent_model,total_logical_qubits_model,evidence_label
n8_d25_s17,random_seed_expansion,random_fixed_density,8,17,0.25,25,0.28125,0.0,0,0.28124999999999994,249,266,1593.0,17,expanded exact coverage under architecture-informed logical model; not compiled or hardware measured
n8_d25_s17,random_seed_expansion,random_fixed_density,8,17,0.25,25,0.28125,0.001,0,0.2809688905781367,249,266,1593.0,17,expanded exact coverage under architecture-informed logical model; not compiled or hardware measured
n8_d25_s17,random_seed_expansion,random_fixed_density,8,17,0.4,28,0.1875,0.0,0,0.18749999999999997,249,266,1593.0,17,expanded exact coverage under architecture-informed logical model; not compiled or hardware measured
n8_d25_s17,random_seed_expansion,random_fixed_density,8,17,0.4,28,0.1875,0.001,0,0.1873125937187578,249,266,1593.0,17,expanded exact coverage under architecture-informed logical model; not compiled or hardware measured
n8_d25_s17,random_seed_expansion,random_fixed_density,8,17,0.55,31,0.1328125,0.0,0,0.1328125,249,266,1593.0,17,expanded exact coverage under architecture-informed logical model; not compiled or hardware measured
n8_d25_s17,random_seed_expansion,random_fixed_density,8,17,0.55,31,0.1328125,0.001,0,0.13267975388412012,249,266,1593.0,17,expanded exact coverage under architecture-informed logical model; not compiled or hardware measured
n8_d25_s42,random_seed_expansion,random_fixed_density,8,42,0.25,24,0.28125,0.0,0,0.28124999999999994,249,266,1593.0,17,expanded exact coverage under architecture-informed logical model; not compiled or hardware measured
n8_d25_s42,random_seed_expansion,random_fixed_density,8,42,0.25,24,0.28125,0.001,0,0.2809688905781367,249,266,1593.0,17,expanded exact coverage under architecture-informed logical model; not compiled or hardware measured
n8_d25_s42,random_seed_expansion,random_fixed_density,8,42,0.4,27,0.21875,0.0,0,0.21875,249,266,1593.0,17,expanded exact coverage under architecture-informed logical model; not compiled or hardware measured
n8_d25_s42,random_seed_expansion,random_fixed_density,8,42,0.4,27,0.21875,0.001,0,0.21853135933855078,249,266,1593.0,17,expanded exact coverage under architecture-informed logical model; not compiled or hardware measured
n8_d25_s42,random_seed_expansion,random_fixed_density,8,42,0.55,30,0.0625,0.0,0,0.0625,249,266,1593.0,17,expanded exact coverage under architecture-informed logical model; not compiled or hardware measured
n8_d25_s42,random_seed_expansion,random_fixed_density,8,42,0.55,30,0.0625,0.001,0,0.06243753123958594,249,266,1593.0,17,expanded exact coverage under architecture-informed logical model; not compiled or hardware measured
n8_d25_s73,random_seed_expansion,random_fixed_density,8,73,0.25,24,0.25,0.0,0,0.25,249,266,1593.0,17,expanded exact coverage under architecture-informed logical model; not compiled or hardware measured
n8_d25_s73,random_seed_expansion,random_fixed_density,8,73,0.25,24,0.25,0.001,0,0.24975012495834376,249,266,1593.0,17,expanded exact coverage under architecture-informed logical model; not compiled or hardware measured
n8_d25_s73,random_seed_expansion,random_fixed_density,8,73,0.4,27,0.140625,0.0,0,0.140625,249,266,1593.0,17,expanded exact coverage under architecture-informed logical model; not compiled or hardware measured
n8_d25_s73,random_seed_expansion,random_fixed_density,8,73,0.4,27,0.140625,0.001,0,0.14048444528906837,249,266,1593.0,17,expanded exact coverage under architecture-informed logical model; not compiled or hardware measured
n8_d25_s73,random_seed_expansion,random_fixed_density,8,73,0.55,30,0.09375,0.0,0,0.09374999999999999,249,266,1593.0,17,expanded exact coverage under architecture-informed logical model; not compiled or hardware measured
n8_d25_s73,random_seed_expansion,random_fixed_density,8,73,0.55,30,0.09375,0.001,0,0.0936562968593789,249,266,1593.0,17,expanded exact coverage under architecture-informed logical model; not compiled or hardware measured
n8_d25_s101,random_seed_expansion,random_fixed_density,8,101,0.25,23,0.3046875,0.0,0,0.30468750000000006,249,266,1593.0,17,expanded exact coverage under architecture-informed logical model; not compiled or hardware measured
n8_d25_s101,random_seed_expansion,random_fixed_density,8,101,0.25,23,0.3046875,0.001,0,0.3043829647929815,249,266,1593.0,17,expanded exact coverage under architecture-informed logical model; not compiled or hardware measured
n8_d25_s101,random_seed_expansion,random_fixed_density,8,101,0.4,26,0.1875,0.0,0,0.18749999999999997,249,266,1593.0,17,expanded exact coverage under architecture-informed logical model; not compiled or hardware measured
n8_d25_s101,random_seed_expansion,random_fixed_density,8,101,0.4,26,0.1875,0.001,0,0.1873125937187578,249,266,1593.0,17,expanded exact coverage under architecture-informed logical model; not compiled or hardware measured
n8_d25_s101,random_seed_expansion,random_fixed_density,8,101,0.55,28,0.125,0.0,0,0.12500000000000003,249,266,1593.0,17,expanded exact coverage under architecture-informed logical model; not compiled or hardware measured
n8_d25_s101,random_seed_expansion,random_fixed_density,8,101,0.55,28,0.125,0.001,0,0.1248750624791719,249,266,1593.0,17,expanded exact coverage under architecture-informed logical model; not compiled or hardware measured
n8_d25_s211,random_seed_expansion,random_fixed_density,8,211,0.25,28,0.296875,0.0,0,0.29687500000000006,249,266,1593.0,17,expanded exact coverage under architecture-informed logical model; not compiled or hardware measured
n8_d25_s211,random_seed_expansion,random_fixed_density,8,211,0.25,28,0.296875,0.001,0,0.2965782733880333,249,266,1593.0,17,expanded exact coverage under architecture-informed logical model; not compiled or hardware measured
n8_d25_s211,random_seed_expansion,random_fixed_density,8,211,0.4,31,0.1875,0.0,0,0.18749999999999997,249,266,1593.0,17,expanded exact coverage under architecture-informed logical model; not compiled or hardware measured
n8_d25_s211,random_seed_expansion,random_fixed_density,8,211,0.4,31,0.1875,0.001,0,0.1873125937187578,249,266,1593.0,17,expanded exact coverage under architecture-informed logical model; not compiled or hardware measured
n8_d25_s211,random_seed_expansion,random_fixed_density,8,211,0.55,35,0.078125,0.0,0,0.07812500000000001,249,266,1593.0,17,expanded exact coverage under architecture-informed logical model; not compiled or hardware measured
n8_d25_s211,random_seed_expansion,random_fixed_density,8,211,0.55,35,0.078125,0.001,0,0.07804691404948244,249,266,1593.0,17,expanded exact coverage under architecture-informed logical model; not compiled or hardware measured
n8_d50_s17,random_seed_expansion,random_fixed_density,8,17,0.25,48,0.1953125,0.0,0,0.19531250000000003,533,550,3473.0,18,expanded exact coverage under architecture-informed logical model; not compiled or hardware measured
n8_d50_s17,random_seed_expansion,random_fixed_density,8,17,0.25,48,0.1953125,0.001,0,0.19511728512370607,533,550,3473.0,18,expanded exact coverage under architecture-informed logical model; not compiled or hardware measured
n8_d50_s17,random_seed_expansion,random_fixed_density,8,17,0.4,54,0.0625,0.0,0,0.0625,533,550,3473.0,18,expanded exact coverage under architecture-informed logical model; not compiled or hardware measured
n8_d50_s17,random_seed_expansion,random_fixed_density,8,17,0.4,54,0.0625,0.001,0,0.06243753123958594,533,550,3473.0,18,expanded exact coverage under architecture-informed logical model; not compiled or hardware measured
n8_d50_s42,random_seed_expansion,random_fixed_density,8,42,0.25,49,0.1875,0.0,0,0.18749999999999997,533,550,3473.0,18,expanded exact coverage under architecture-informed logical model; not compiled or hardware measured
n8_d50_s42,random_seed_expansion,random_fixed_density,8,42,0.25,49,0.1875,0.001,0,0.1873125937187578,533,550,3473.0,18,expanded exact coverage under architecture-informed logical model; not compiled or hardware measured
n8_d50_s42,random_seed_expansion,random_fixed_density,8,42,0.4,54,0.046875,0.0,0,0.04687499999999999,533,550,3473.0,18,expanded exact coverage under architecture-informed logical model; not compiled or hardware measured
n8_d50_s42,random_seed_expansion,random_fixed_density,8,42,0.4,54,0.046875,0.001,0,0.04682814842968945,533,550,3473.0,18,expanded exact coverage under architecture-informed logical model; not compiled or hardware measured
n8_d50_s42,random_seed_expansion,random_fixed_density,8,42,0.55,60,0.015625,0.0,0,0.015625,533,550,3473.0,18,expanded exact coverage under architecture-informed logical model; not compiled or hardware measured
n8_d50_s42,random_seed_expansion,random_fixed_density,8,42,0.55,60,0.015625,0.001,0,0.015609382809896485,533,550,3473.0,18,expanded exact coverage under architecture-informed logical model; not compiled or hardware measured
n8_d50_s73,random_seed_expansion,random_fixed_density,8,73,0.25,46,0.2265625,0.0,0,0.22656250000000003,533,550,3473.0,18,expanded exact coverage under architecture-informed logical model; not compiled or hardware measured
n8_d50_s73,random_seed_expansion,random_fixed_density,8,73,0.25,46,0.2265625,0.001,0,0.22633605074349905,533,550,3473.0,18,expanded exact coverage under architecture-informed logical model; not compiled or hardware measured
n8_d50_s73,random_seed_expansion,random_fixed_density,8,73,0.4,51,0.09375,0.0,0,0.09374999999999999,533,550,3473.0,18,expanded exact coverage under architecture-informed logical model; not compiled or hardware measured
n8_d50_s73,random_seed_expansion,random_fixed_density,8,73,0.4,51,0.09375,0.001,0,0.0936562968593789,533,550,3473.0,18,expanded exact coverage under architecture-informed logical model; not compiled or hardware measured
n8_d50_s73,random_seed_expansion,random_fixed_density,8,73,0.55,57,0.015625,0.0,0,0.015625,533,550,3473.0,18,expanded exact coverage under architecture-informed logical model; not compiled or hardware measured
n8_d50_s73,random_seed_expansion,random_fixed_density,8,73,0.55,57,0.015625,0.001,0,0.015609382809896485,533,550,3473.0,18,expanded exact coverage under architecture-informed logical model; not compiled or hardware measured
n8_d50_s101,random_seed_expansion,random_fixed_density,8,101,0.25,54,0.1484375,0.0,0,0.14843749999999997,533,550,3473.0,18,expanded exact coverage under architecture-informed logical model; not compiled or hardware measured
n8_d50_s101,random_seed_expansion,random_fixed_density,8,101,0.25,54,0.1484375,0.001,0,0.14828913669401658,533,550,3473.0,18,expanded exact coverage under architecture-informed logical model; not compiled or hardware measured
n8_d50_s101,random_seed_expansion,random_fixed_density,8,101,0.4,60,0.0390625,0.0,0,0.03906250000000001,533,550,3473.0,18,expanded exact coverage under architecture-informed logical model; not compiled or hardware measured
n8_d50_s101,random_seed_expansion,random_fixed_density,8,101,0.4,60,0.0390625,0.001,0,0.03902345702474122,533,550,3473.0,18,expanded exact coverage under architecture-informed logical model; not compiled or hardware measured
n8_d50_s101,random_seed_expansion,random_fixed_density,8,101,0.55,66,0.015625,0.0,0,0.015625,533,550,3473.0,18,expanded exact coverage under architecture-informed logical model; not compiled or hardware measured
n8_d50_s101,random_seed_expansion,random_fixed_density,8,101,0.55,66,0.015625,0.001,0,0.015609382809896485,533,550,3473.0,18,expanded exact coverage under architecture-informed logical model; not compiled or hardware measured
n8_d50_s211,random_seed_expansion,random_fixed_density,8,211,0.25,47,0.203125,0.0,0,0.20312499999999997,533,550,3473.0,18,expanded exact coverage under architecture-informed logical model; not compiled or hardware measured
n8_d50_s211,random_seed_expansion,random_fixed_density,8,211,0.25,47,0.203125,0.001,0,0.20292197652865426,533,550,3473.0,18,expanded exact coverage under architecture-informed logical model; not compiled or hardware measured
n8_d50_s211,random_seed_expansion,random_fixed_density,8,211,0.4,52,0.09375,0.0,0,0.09374999999999999,533,550,3473.0,18,expanded exact coverage under architecture-informed logical model; not compiled or hardware measured
n8_d50_s211,random_seed_expansion,random_fixed_density,8,211,0.4,52,0.09375,0.001,0,0.0936562968593789,533,550,3473.0,18,expanded exact coverage under architecture-informed logical model; not compiled or hardware measured
n8_d50_s211,random_seed_expansion,random_fixed_density,8,211,0.55,58,0.015625,0.0,0,0.015625,533,550,3473.0,18,expanded exact coverage under architecture-informed logical model; not compiled or hardware measured
n8_d50_s211,random_seed_expansion,random_fixed_density,8,211,0.55,58,0.015625,0.001,0,0.015609382809896485,533,550,3473.0,18,expanded exact coverage under architecture-informed logical model; not compiled or hardware measured
n8_d75_s17,random_seed_expansion,random_fixed_density,8,17,0.25,71,0.21875,0.0,0,0.21875,785,802,5097.0,18,expanded exact coverage under architecture-informed logical model; not compiled or hardware measured
n8_d75_s17,random_seed_expansion,random_fixed_density,8,17,0.25,71,0.21875,0.001,0,0.21853135933855078,785,802,5097.0,18,expanded exact coverage under architecture-informed logical model; not compiled or hardware measured
n8_d75_s17,random_seed_expansion,random_fixed_density,8,17,0.4,77,0.078125,0.0,0,0.07812500000000001,785,802,5097.0,18,expanded exact coverage under architecture-informed logical model; not compiled or hardware measured
n8_d75_s17,random_seed_expansion,random_fixed_density,8,17,0.4,77,0.078125,0.001,0,0.07804691404948244,785,802,5097.0,18,expanded exact coverage under architecture-informed logical model; not compiled or hardware measured
n8_d75_s17,random_seed_expansion,random_fixed_density,8,17,0.55,84,0.015625,0.0,0,0.015625,785,802,5097.0,18,expanded exact coverage under architecture-informed logical model; not compiled or hardware measured
n8_d75_s17,random_seed_expansion,random_fixed_density,8,17,0.55,84,0.015625,0.001,0,0.015609382809896485,785,802,5097.0,18,expanded exact coverage under architecture-informed logical model; not compiled or hardware measured
n8_d75_s42,random_seed_expansion,random_fixed_density,8,42,0.25,74,0.1640625,0.0,0,0.1640625,785,802,5097.0,18,expanded exact coverage under architecture-informed logical model; not compiled or hardware measured
n8_d75_s42,random_seed_expansion,random_fixed_density,8,42,0.25,74,0.1640625,0.001,0,0.1638985195039131,785,802,5097.0,18,expanded exact coverage under architecture-informed logical model; not compiled or hardware measured
n8_d75_s42,random_seed_expansion,random_fixed_density,8,42,0.4,81,0.0546875,0.0,0,0.0546875,785,802,5097.0,18,expanded exact coverage under architecture-informed logical model; not compiled or hardware measured
n8_d75_s42,random_seed_expansion,random_fixed_density,8,42,0.4,81,0.0546875,0.001,0,0.054632839834637695,785,802,5097.0,18,expanded exact coverage under architecture-informed logical model; not compiled or hardware measured
n8_d75_s42,random_seed_expansion,random_fixed_density,8,42,0.55,88,0.0390625,0.0,0,0.03906250000000001,785,802,5097.0,18,expanded exact coverage under architecture-informed logical model; not compiled or hardware measured
n8_d75_s42,random_seed_expansion,random_fixed_density,8,42,0.55,88,0.0390625,0.001,0,0.03902345702474122,785,802,5097.0,18,expanded exact coverage under architecture-informed logical model; not compiled or hardware measured
n8_d75_s73,random_seed_expansion,random_fixed_density,8,73,0.25,57,0.234375,0.0,0,0.23437499999999997,785,802,5097.0,18,expanded exact coverage under architecture-informed logical model; not compiled or hardware measured
n8_d75_s73,random_seed_expansion,random_fixed_density,8,73,0.25,57,0.234375,0.001,0,0.23414074214844724,785,802,5097.0,18,expanded exact coverage under architecture-informed logical model; not compiled or hardware measured
n8_d75_s73,random_seed_expansion,random_fixed_density,8,73,0.4,62,0.15625,0.0,0,0.15625000000000003,785,802,5097.0,18,expanded exact coverage under architecture-informed logical model; not compiled or hardware measured
n8_d75_s73,random_seed_expansion,random_fixed_density,8,73,0.4,62,0.15625,0.001,0,0.15609382809896488,785,802,5097.0,18,expanded exact coverage under architecture-informed logical model; not compiled or hardware measured
n8_d75_s73,random_seed_expansion,random_fixed_density,8,73,0.55,67,0.046875,0.0,0,0.04687499999999999,785,802,5097.0,18,expanded exact coverage under architecture-informed logical model; not compiled or hardware measured
n8_d75_s73,random_seed_expansion,random_fixed_density,8,73,0.55,67,0.046875,0.001,0,0.04682814842968945,785,802,5097.0,18,expanded exact coverage under architecture-informed logical model; not compiled or hardware measured
n8_d75_s101,random_seed_expansion,random_fixed_density,8,101,0.25,71,0.1953125,0.0,0,0.19531250000000003,785,802,5097.0,18,expanded exact coverage under architecture-informed logical model; not compiled or hardware measured
n8_d75_s101,random_seed_expansion,random_fixed_density,8,101,0.25,71,0.1953125,0.001,0,0.19511728512370607,785,802,5097.0,18,expanded exact coverage under architecture-informed logical model; not compiled or hardware measured
n8_d75_s101,random_seed_expansion,random_fixed_density,8,101,0.4,77,0.0625,0.0,0,0.0625,785,802,5097.0,18,expanded exact coverage under architecture-informed logical model; not compiled or hardware measured
n8_d75_s101,random_seed_expansion,random_fixed_density,8,101,0.4,77,0.0625,0.001,0,0.06243753123958594,785,802,5097.0,18,expanded exact coverage under architecture-informed logical model; not compiled or hardware measured
n8_d75_s101,random_seed_expansion,random_fixed_density,8,101,0.55,84,0.015625,0.0,0,0.015625,785,802,5097.0,18,expanded exact coverage under architecture-informed logical model; not compiled or hardware measured
n8_d75_s101,random_seed_expansion,random_fixed_density,8,101,0.55,84,0.015625,0.001,0,0.015609382809896485,785,802,5097.0,18,expanded exact coverage under architecture-informed logical model; not compiled or hardware measured
n8_d75_s211,random_seed_expansion,random_fixed_density,8,211,0.25,58,0.265625,0.0,0,0.265625,785,802,5097.0,18,expanded exact coverage under architecture-informed logical model; not compiled or hardware measured
n8_d75_s211,random_seed_expansion,random_fixed_density,8,211,0.25,58,0.265625,0.001,0,0.26535950776824024,785,802,5097.0,18,expanded exact coverage under architecture-informed logical model; not compiled or hardware measured
n8_d75_s211,random_seed_expansion,random_fixed_density,8,211,0.4,63,0.109375,0.0,0,0.10937500000000001,785,802,5097.0,18,expanded exact coverage under architecture-informed logical model; not compiled or hardware measured
n8_d75_s211,random_seed_expansion,random_fixed_density,8,211,0.4,63,0.109375,0.001,0,0.1092656796692754,785,802,5097.0,18,expanded exact coverage under architecture-informed logical model; not compiled or hardware measured
n8_d75_s211,random_seed_expansion,random_fixed_density,8,211,0.55,68,0.015625,0.0,0,0.015625,785,802,5097.0,18,expanded exact coverage under architecture-informed logical model; not compiled or hardware measured
n8_d75_s211,random_seed_expansion,random_fixed_density,8,211,0.55,68,0.015625,0.001,0,0.015609382809896485,785,802,5097.0,18,expanded exact coverage under architecture-informed logical model; not compiled or hardware measured
n10_d25_s17,random_seed_expansion,random_fixed_density,10,17,0.25,37,0.21484375,0.0,0,0.21484375,377,398,2393.0,19,expanded exact coverage under architecture-informed logical model; not compiled or hardware measured
n10_d25_s17,random_seed_expansion,random_fixed_density,10,17,0.25,37,0.21484375,0.001,0,0.21462901363607667,377,398,2393.0,19,expanded exact coverage under architecture-informed logical model; not compiled or hardware measured
n10_d25_s17,random_seed_expansion,random_fixed_density,10,17,0.4,42,0.0859375,0.0,0,0.0859375,377,398,2393.0,19,expanded exact coverage under architecture-informed logical model; not compiled or hardware measured
n10_d25_s17,random_seed_expansion,random_fixed_density,10,17,0.4,42,0.0859375,0.001,0,0.08585160545443067,377,398,2393.0,19,expanded exact coverage under architecture-informed logical model; not compiled or hardware measured
n10_d25_s17,random_seed_expansion,random_fixed_density,10,17,0.55,46,0.05078125,0.0,0,0.05078124999999999,377,398,2393.0,19,expanded exact coverage under architecture-informed logical model; not compiled or hardware measured
n10_d25_s17,random_seed_expansion,random_fixed_density,10,17,0.55,46,0.05078125,0.001,0,0.050730494132163566,377,398,2393.0,19,expanded exact coverage under architecture-informed logical model; not compiled or hardware measured
n10_d25_s42,random_seed_expansion,random_fixed_density,10,42,0.25,35,0.22265625,0.0,0,0.22265625,377,398,2393.0,19,expanded exact coverage under architecture-informed logical model; not compiled or hardware measured
n10_d25_s42,random_seed_expansion,random_fixed_density,10,42,0.25,35,0.22265625,0.001,0,0.22243370504102492,377,398,2393.0,19,expanded exact coverage under architecture-informed logical model; not compiled or hardware measured
n10_d25_s42,random_seed_expansion,random_fixed_density,10,42,0.4,39,0.125,0.0,0,0.12500000000000003,377,398,2393.0,19,expanded exact coverage under architecture-informed logical model; not compiled or hardware measured
n10_d25_s42,random_seed_expansion,random_fixed_density,10,42,0.4,39,0.125,0.001,0,0.1248750624791719,377,398,2393.0,19,expanded exact coverage under architecture-informed logical model; not compiled or hardware measured
n10_d25_s42,random_seed_expansion,random_fixed_density,10,42,0.55,43,0.0390625,0.0,0,0.03906250000000001,377,398,2393.0,19,expanded exact coverage under architecture-informed logical model; not compiled or hardware measured
n10_d25_s42,random_seed_expansion,random_fixed_density,10,42,0.55,43,0.0390625,0.001,0,0.03902345702474122,377,398,2393.0,19,expanded exact coverage under architecture-informed logical model; not compiled or hardware measured
n10_d25_s73,random_seed_expansion,random_fixed_density,10,73,0.25,35,0.244140625,0.0,0,0.244140625,377,398,2393.0,19,expanded exact coverage under architecture-informed logical model; not compiled or hardware measured
n10_d25_s73,random_seed_expansion,random_fixed_density,10,73,0.25,35,0.244140625,0.001,0,0.24389660640463257,377,398,2393.0,19,expanded exact coverage under architecture-informed logical model; not compiled or hardware measured
n10_d25_s73,random_seed_expansion,random_fixed_density,10,73,0.4,40,0.111328125,0.0,0,0.111328125,377,398,2393.0,19,expanded exact coverage under architecture-informed logical model; not compiled or hardware measured
n10_d25_s73,random_seed_expansion,random_fixed_density,10,73,0.4,40,0.111328125,0.001,0,0.11121685252051246,377,398,2393.0,19,expanded exact coverage under architecture-informed logical model; not compiled or hardware measured
n10_d25_s73,random_seed_expansion,random_fixed_density,10,73,0.55,44,0.044921875,0.0,0,0.044921875,377,398,2393.0,19,expanded exact coverage under architecture-informed logical model; not compiled or hardware measured
n10_d25_s73,random_seed_expansion,random_fixed_density,10,73,0.55,44,0.044921875,0.001,0,0.0448769755784524,377,398,2393.0,19,expanded exact coverage under architecture-informed logical model; not compiled or hardware measured
n10_d25_s101,random_seed_expansion,random_fixed_density,10,101,0.25,34,0.24609375,0.0,0,0.24609375000000003,377,398,2393.0,19,expanded exact coverage under architecture-informed logical model; not compiled or hardware measured
n10_d25_s101,random_seed_expansion,random_fixed_density,10,101,0.25,34,0.24609375,0.001,0,0.24584777925586968,377,398,2393.0,19,expanded exact coverage under architecture-informed logical model; not compiled or hardware measured
n10_d25_s101,random_seed_expansion,random_fixed_density,10,101,0.4,38,0.08984375,0.0,0,0.08984374999999999,377,398,2393.0,19,expanded exact coverage under architecture-informed logical model; not compiled or hardware measured
n10_d25_s101,random_seed_expansion,random_fixed_density,10,101,0.4,38,0.08984375,0.001,0,0.08975395115690478,377,398,2393.0,19,expanded exact coverage under architecture-informed logical model; not compiled or hardware measured
n10_d25_s101,random_seed_expansion,random_fixed_density,10,101,0.55,42,0.0625,0.0,0,0.0625,377,398,2393.0,19,expanded exact coverage under architecture-informed logical model; not compiled or hardware measured
n10_d25_s101,random_seed_expansion,random_fixed_density,10,101,0.55,42,0.0625,0.001,0,0.06243753123958594,377,398,2393.0,19,expanded exact coverage under architecture-informed logical model; not compiled or hardware measured
n10_d25_s211,random_seed_expansion,random_fixed_density,10,211,0.25,28,0.228515625,0.0,0,0.22851562500000003,377,398,2393.0,19,expanded exact coverage under architecture-informed logical model; not compiled or hardware measured
n10_d25_s211,random_seed_expansion,random_fixed_density,10,211,0.25,28,0.228515625,0.001,0,0.2282872235947361,377,398,2393.0,19,expanded exact coverage under architecture-informed logical model; not compiled or hardware measured
n10_d25_s211,random_seed_expansion,random_fixed_density,10,211,0.4,31,0.09375,0.0,0,0.09374999999999999,377,398,2393.0,19,expanded exact coverage under architecture-informed logical model; not compiled or hardware measured
n10_d25_s211,random_seed_expansion,random_fixed_density,10,211,0.4,31,0.09375,0.001,0,0.0936562968593789,377,398,2393.0,19,expanded exact coverage under architecture-informed logical model; not compiled or hardware measured
n10_d25_s211,random_seed_expansion,random_fixed_density,10,211,0.55,35,0.013671875,0.0,0,0.013671875,377,398,2393.0,19,expanded exact coverage under architecture-informed logical model; not compiled or hardware measured
n10_d25_s211,random_seed_expansion,random_fixed_density,10,211,0.55,35,0.013671875,0.001,0,0.013658209958659424,377,398,2393.0,19,expanded exact coverage under architecture-informed logical model; not compiled or hardware measured
n10_d50_s17,random_seed_expansion,random_fixed_density,10,17,0.25,56,0.158203125,0.0,0,0.158203125,821,842,5329.0,20,expanded exact coverage under architecture-informed logical model; not compiled or hardware measured
n10_d50_s17,random_seed_expansion,random_fixed_density,10,17,0.25,56,0.158203125,0.001,0,0.1580450009502019,821,842,5329.0,20,expanded exact coverage under architecture-informed logical model; not compiled or hardware measured
n10_d50_s17,random_seed_expansion,random_fixed_density,10,17,0.4,63,0.02734375,0.0,0,0.027343750000000003,821,842,5329.0,20,expanded exact coverage under architecture-informed logical model; not compiled or hardware measured
n10_d50_s17,random_seed_expansion,random_fixed_density,10,17,0.4,63,0.02734375,0.001,0,0.02731641991731885,821,842,5329.0,20,expanded exact coverage under architecture-informed logical model; not compiled or hardware measured
n10_d50_s17,random_seed_expansion,random_fixed_density,10,17,0.55,69,0.00390625,0.0,0,0.003906249999999999,821,842,5329.0,20,expanded exact coverage under architecture-informed logical model; not compiled or hardware measured
n10_d50_s17,random_seed_expansion,random_fixed_density,10,17,0.55,69,0.00390625,0.001,0,0.0039023457024741203,821,842,5329.0,20,expanded exact coverage under architecture-informed logical model; not compiled or hardware measured
n10_d50_s42,random_seed_expansion,random_fixed_density,10,42,0.25,67,0.140625,0.0,0,0.140625,821,842,5329.0,20,expanded exact coverage under architecture-informed logical model; not compiled or hardware measured
n10_d50_s42,random_seed_expansion,random_fixed_density,10,42,0.25,67,0.140625,0.001,0,0.14048444528906837,821,842,5329.0,20,expanded exact coverage under architecture-informed logical model; not compiled or hardware measured
n10_d50_s42,random_seed_expansion,random_fixed_density,10,42,0.4,75,0.046875,0.0,0,0.04687499999999999,821,842,5329.0,20,expanded exact coverage under architecture-informed logical model; not compiled or hardware measured
n10_d50_s42,random_seed_expansion,random_fixed_density,10,42,0.4,75,0.046875,0.001,0,0.04682814842968945,821,842,5329.0,20,expanded exact coverage under architecture-informed logical model; not compiled or hardware measured
n10_d50_s42,random_seed_expansion,random_fixed_density,10,42,0.55,83,0.00390625,0.0,0,0.003906249999999999,821,842,5329.0,20,expanded exact coverage under architecture-informed logical model; not compiled or hardware measured
n10_d50_s42,random_seed_expansion,random_fixed_density,10,42,0.55,83,0.00390625,0.001,0,0.0039023457024741203,821,842,5329.0,20,expanded exact coverage under architecture-informed logical model; not compiled or hardware measured
n10_d50_s73,random_seed_expansion,random_fixed_density,10,73,0.25,71,0.146484375,0.0,0,0.146484375,821,842,5329.0,20,expanded exact coverage under architecture-informed logical model; not compiled or hardware measured
n10_d50_s73,random_seed_expansion,random_fixed_density,10,73,0.25,71,0.146484375,0.001,0,0.14633796384277956,821,842,5329.0,20,expanded exact coverage under architecture-informed logical model; not compiled or hardware measured
n10_d50_s73,random_seed_expansion,random_fixed_density,10,73,0.4,80,0.037109375,0.0,0,0.03710937499999999,821,842,5329.0,20,expanded exact coverage under architecture-informed logical model; not compiled or hardware measured
n10_d50_s73,random_seed_expansion,random_fixed_density,10,73,0.4,80,0.037109375,0.001,0,0.037072284173504146,821,842,5329.0,20,expanded exact coverage under architecture-informed logical model; not compiled or hardware measured
n10_d50_s73,random_seed_expansion,random_fixed_density,10,73,0.55,88,0.01171875,0.0,0,0.011718749999999998,821,842,5329.0,20,expanded exact coverage under architecture-informed logical model; not compiled or hardware measured
n10_d50_s73,random_seed_expansion,random_fixed_density,10,73,0.55,88,0.01171875,0.001,0,0.011707037107422363,821,842,5329.0,20,expanded exact coverage under architecture-informed logical model; not compiled or hardware measured
n10_d50_s101,random_seed_expansion,random_fixed_density,10,101,0.25,65,0.16796875,0.0,0,0.16796874999999997,821,842,5329.0,20,expanded exact coverage under architecture-informed logical model; not compiled or hardware measured
n10_d50_s101,random_seed_expansion,random_fixed_density,10,101,0.25,65,0.16796875,0.001,0,0.16780086520638718,821,842,5329.0,20,expanded exact coverage under architecture-informed logical model; not compiled or hardware measured
n10_d50_s101,random_seed_expansion,random_fixed_density,10,101,0.4,73,0.02734375,0.0,0,0.027343750000000003,821,842,5329.0,20,expanded exact coverage under architecture-informed logical model; not compiled or hardware measured
n10_d50_s101,random_seed_expansion,random_fixed_density,10,101,0.4,73,0.02734375,0.001,0,0.02731641991731885,821,842,5329.0,20,expanded exact coverage under architecture-informed logical model; not compiled or hardware measured
n10_d50_s211,random_seed_expansion,random_fixed_density,10,211,0.25,73,0.140625,0.0,0,0.140625,821,842,5329.0,20,expanded exact coverage under architecture-informed logical model; not compiled or hardware measured
n10_d50_s211,random_seed_expansion,random_fixed_density,10,211,0.25,73,0.140625,0.001,0,0.14048444528906837,821,842,5329.0,20,expanded exact coverage under architecture-informed logical model; not compiled or hardware measured
n10_d50_s211,random_seed_expansion,random_fixed_density,10,211,0.4,82,0.0390625,0.0,0,0.03906250000000001,821,842,5329.0,20,expanded exact coverage under architecture-informed logical model; not compiled or hardware measured
n10_d50_s211,random_seed_expansion,random_fixed_density,10,211,0.4,82,0.0390625,0.001,0,0.03902345702474122,821,842,5329.0,20,expanded exact coverage under architecture-informed logical model; not compiled or hardware measured
n10_d50_s211,random_seed_expansion,random_fixed_density,10,211,0.55,90,0.0078125,0.0,0,0.007812500000000002,821,842,5329.0,20,expanded exact coverage under architecture-informed logical model; not compiled or hardware measured
n10_d50_s211,random_seed_expansion,random_fixed_density,10,211,0.55,90,0.0078125,0.001,0,0.007804691404948244,821,842,5329.0,20,expanded exact coverage under architecture-informed logical model; not compiled or hardware measured
n10_d75_s17,random_seed_expansion,random_fixed_density,10,17,0.25,101,0.09765625,0.0,0,0.09765625,1393,1414,9233.0,21,expanded exact coverage under architecture-informed logical model; not compiled or hardware measured
n10_d75_s17,random_seed_expansion,random_fixed_density,10,17,0.25,101,0.09765625,0.001,0,0.09755864256185302,1393,1414,9233.0,21,expanded exact coverage under architecture-informed logical model; not compiled or hardware measured
n10_d75_s17,random_seed_expansion,random_fixed_density,10,17,0.4,113,0.005859375,0.0,0,0.005859374999999999,1393,1414,9233.0,21,expanded exact coverage under architecture-informed logical model; not compiled or hardware measured
n10_d75_s17,random_seed_expansion,random_fixed_density,10,17,0.4,113,0.005859375,0.001,0,0.005853518553711181,1393,1414,9233.0,21,expanded exact coverage under architecture-informed logical model; not compiled or hardware measured
n10_d75_s42,random_seed_expansion,random_fixed_density,10,42,0.25,106,0.17578125,0.0,0,0.17578125000000003,1393,1414,9233.0,21,expanded exact coverage under architecture-informed logical model; not compiled or hardware measured
n10_d75_s42,random_seed_expansion,random_fixed_density,10,42,0.25,106,0.17578125,0.001,0,0.17560555661133548,1393,1414,9233.0,21,expanded exact coverage under architecture-informed logical model; not compiled or hardware measured
n10_d75_s42,random_seed_expansion,random_fixed_density,10,42,0.4,115,0.05859375,0.0,0,0.05859375000000001,1393,1414,9233.0,21,expanded exact coverage under architecture-informed logical model; not compiled or hardware measured
n10_d75_s42,random_seed_expansion,random_fixed_density,10,42,0.4,115,0.05859375,0.001,0,0.058535185537111824,1393,1414,9233.0,21,expanded exact coverage under architecture-informed logical model; not compiled or hardware measured
n10_d75_s42,random_seed_expansion,random_fixed_density,10,42,0.55,124,0.009765625,0.0,0,0.009765625000000002,1393,1414,9233.0,21,expanded exact coverage under architecture-informed logical model; not compiled or hardware measured
n10_d75_s42,random_seed_expansion,random_fixed_density,10,42,0.55,124,0.009765625,0.001,0,0.009755864256185305,1393,1414,9233.0,21,expanded exact coverage under architecture-informed logical model; not compiled or hardware measured
n10_d75_s73,random_seed_expansion,random_fixed_density,10,73,0.25,98,0.162109375,0.0,0,0.16210937500000003,1393,1414,9233.0,21,expanded exact coverage under architecture-informed logical model; not compiled or hardware measured
n10_d75_s73,random_seed_expansion,random_fixed_density,10,73,0.25,98,0.162109375,0.001,0,0.16194734665267604,1393,1414,9233.0,21,expanded exact coverage under architecture-informed logical model; not compiled or hardware measured
n10_d75_s73,random_seed_expansion,random_fixed_density,10,73,0.4,106,0.048828125,0.0,0,0.04882812500000001,1393,1414,9233.0,21,expanded exact coverage under architecture-informed logical model; not compiled or hardware measured
n10_d75_s73,random_seed_expansion,random_fixed_density,10,73,0.4,106,0.048828125,0.001,0,0.04877932128092652,1393,1414,9233.0,21,expanded exact coverage under architecture-informed logical model; not compiled or hardware measured
n10_d75_s73,random_seed_expansion,random_fixed_density,10,73,0.55,115,0.00390625,0.0,0,0.003906249999999999,1393,1414,9233.0,21,expanded exact coverage under architecture-informed logical model; not compiled or hardware measured
n10_d75_s73,random_seed_expansion,random_fixed_density,10,73,0.55,115,0.00390625,0.001,0,0.0039023457024741203,1393,1414,9233.0,21,expanded exact coverage under architecture-informed logical model; not compiled or hardware measured
n10_d75_s101,random_seed_expansion,random_fixed_density,10,101,0.25,95,0.0546875,0.0,0,0.0546875,1393,1414,9233.0,21,expanded exact coverage under architecture-informed logical model; not compiled or hardware measured
n10_d75_s101,random_seed_expansion,random_fixed_density,10,101,0.25,95,0.0546875,0.001,0,0.054632839834637695,1393,1414,9233.0,21,expanded exact coverage under architecture-informed logical model; not compiled or hardware measured
n10_d75_s211,random_seed_expansion,random_fixed_density,10,211,0.25,89,0.21484375,0.0,0,0.21484375,1393,1414,9233.0,21,expanded exact coverage under architecture-informed logical model; not compiled or hardware measured
n10_d75_s211,random_seed_expansion,random_fixed_density,10,211,0.25,89,0.21484375,0.001,0,0.21462901363607667,1393,1414,9233.0,21,expanded exact coverage under architecture-informed logical model; not compiled or hardware measured
n10_d75_s211,random_seed_expansion,random_fixed_density,10,211,0.4,96,0.0703125,0.0,0,0.07031249999999999,1393,1414,9233.0,21,expanded exact coverage under architecture-informed logical model; not compiled or hardware measured
n10_d75_s211,random_seed_expansion,random_fixed_density,10,211,0.4,96,0.0703125,0.001,0,0.07024222264453417,1393,1414,9233.0,21,expanded exact coverage under architecture-informed logical model; not compiled or hardware measured
n10_d75_s211,random_seed_expansion,random_fixed_density,10,211,0.55,103,0.005859375,0.0,0,0.005859374999999999,1393,1414,9233.0,21,expanded exact coverage under architecture-informed logical model; not compiled or hardware measured
n10_d75_s211,random_seed_expansion,random_fixed_density,10,211,0.55,103,0.005859375,0.001,0,0.005853518553711181,1393,1414,9233.0,21,expanded exact coverage under architecture-informed logical model; not compiled or hardware measured
n12_d25_s17,random_seed_expansion,random_fixed_density,12,17,0.25,55,0.1884765625,0.0,0,0.18847656249999997,605,630,3937.0,22,expanded exact coverage under architecture-informed logical model; not compiled or hardware measured
n12_d25_s17,random_seed_expansion,random_fixed_density,12,17,0.25,55,0.1884765625,0.001,0,0.18828818014437632,605,630,3937.0,22,expanded exact coverage under architecture-informed logical model; not compiled or hardware measured
n12_d25_s17,random_seed_expansion,random_fixed_density,12,17,0.4,61,0.0732421875,0.0,0,0.07324218750000001,605,630,3937.0,22,expanded exact coverage under architecture-informed logical model; not compiled or hardware measured
n12_d25_s17,random_seed_expansion,random_fixed_density,12,17,0.4,61,0.0732421875,0.001,0,0.07316898192138979,605,630,3937.0,22,expanded exact coverage under architecture-informed logical model; not compiled or hardware measured
n12_d25_s17,random_seed_expansion,random_fixed_density,12,17,0.55,68,0.0224609375,0.0,0,0.022460937499999997,605,630,3937.0,22,expanded exact coverage under architecture-informed logical model; not compiled or hardware measured
n12_d25_s17,random_seed_expansion,random_fixed_density,12,17,0.55,68,0.0224609375,0.001,0,0.022438487789226195,605,630,3937.0,22,expanded exact coverage under architecture-informed logical model; not compiled or hardware measured
n12_d25_s42,random_seed_expansion,random_fixed_density,12,42,0.25,41,0.2119140625,0.0,0,0.21191406249999997,605,630,3937.0,22,expanded exact coverage under architecture-informed logical model; not compiled or hardware measured
n12_d25_s42,random_seed_expansion,random_fixed_density,12,42,0.25,41,0.2119140625,0.001,0,0.21170225435922105,605,630,3937.0,22,expanded exact coverage under architecture-informed logical model; not compiled or hardware measured
n12_d25_s42,random_seed_expansion,random_fixed_density,12,42,0.4,46,0.09521484375,0.0,0,0.09521484374999999,605,630,3937.0,22,expanded exact coverage under architecture-informed logical model; not compiled or hardware measured
n12_d25_s42,random_seed_expansion,random_fixed_density,12,42,0.4,46,0.09521484375,0.001,0,0.09511967649780668,605,630,3937.0,22,expanded exact coverage under architecture-informed logical model; not compiled or hardware measured
n12_d25_s42,random_seed_expansion,random_fixed_density,12,42,0.55,51,0.0341796875,0.0,0,0.0341796875,605,630,3937.0,22,expanded exact coverage under architecture-informed logical model; not compiled or hardware measured
n12_d25_s42,random_seed_expansion,random_fixed_density,12,42,0.55,51,0.0341796875,0.001,0,0.03414552489664856,605,630,3937.0,22,expanded exact coverage under architecture-informed logical model; not compiled or hardware measured
n12_d25_s73,random_seed_expansion,random_fixed_density,12,73,0.25,42,0.2060546875,0.0,0,0.20605468749999997,605,630,3937.0,22,expanded exact coverage under architecture-informed logical model; not compiled or hardware measured
n12_d25_s73,random_seed_expansion,random_fixed_density,12,73,0.25,42,0.2060546875,0.001,0,0.20584873580550986,605,630,3937.0,22,expanded exact coverage under architecture-informed logical model; not compiled or hardware measured
n12_d25_s73,random_seed_expansion,random_fixed_density,12,73,0.4,47,0.0810546875,0.0,0,0.0810546875,605,630,3937.0,22,expanded exact coverage under architecture-informed logical model; not compiled or hardware measured
n12_d25_s73,random_seed_expansion,random_fixed_density,12,73,0.4,47,0.0810546875,0.001,0,0.08097367332633801,605,630,3937.0,22,expanded exact coverage under architecture-informed logical model; not compiled or hardware measured
n12_d25_s73,random_seed_expansion,random_fixed_density,12,73,0.55,52,0.025390625,0.0,0,0.025390624999999997,605,630,3937.0,22,expanded exact coverage under architecture-informed logical model; not compiled or hardware measured
n12_d25_s73,random_seed_expansion,random_fixed_density,12,73,0.55,52,0.025390625,0.001,0,0.025365247066081783,605,630,3937.0,22,expanded exact coverage under architecture-informed logical model; not compiled or hardware measured
n12_d25_s101,random_seed_expansion,random_fixed_density,12,101,0.25,55,0.19775390625,0.0,0,0.19775390625,605,630,3937.0,22,expanded exact coverage under architecture-informed logical model; not compiled or hardware measured
n12_d25_s101,random_seed_expansion,random_fixed_density,12,101,0.25,55,0.19775390625,0.001,0,0.19755625118775239,605,630,3937.0,22,expanded exact coverage under architecture-informed logical model; not compiled or hardware measured
n12_d25_s101,random_seed_expansion,random_fixed_density,12,101,0.4,62,0.06884765625,0.0,0,0.06884765625,605,630,3937.0,22,expanded exact coverage under architecture-informed logical model; not compiled or hardware measured
n12_d25_s101,random_seed_expansion,random_fixed_density,12,101,0.4,62,0.06884765625,0.001,0,0.06877884300610639,605,630,3937.0,22,expanded exact coverage under architecture-informed logical model; not compiled or hardware measured
n12_d25_s101,random_seed_expansion,random_fixed_density,12,101,0.55,69,0.01220703125,0.0,0,0.012207031250000002,605,630,3937.0,22,expanded exact coverage under architecture-informed logical model; not compiled or hardware measured
n12_d25_s101,random_seed_expansion,random_fixed_density,12,101,0.55,69,0.01220703125,0.001,0,0.01219483032023163,605,630,3937.0,22,expanded exact coverage under architecture-informed logical model; not compiled or hardware measured
n12_d25_s211,random_seed_expansion,random_fixed_density,12,211,0.25,49,0.1728515625,0.0,0,0.1728515625,605,630,3937.0,22,expanded exact coverage under architecture-informed logical model; not compiled or hardware measured
n12_d25_s211,random_seed_expansion,random_fixed_density,12,211,0.25,49,0.1728515625,0.001,0,0.17267879733447986,605,630,3937.0,22,expanded exact coverage under architecture-informed logical model; not compiled or hardware measured
n12_d25_s211,random_seed_expansion,random_fixed_density,12,211,0.4,54,0.07421875,0.0,0,0.07421875000000001,605,630,3937.0,22,expanded exact coverage under architecture-informed logical model; not compiled or hardware measured
n12_d25_s211,random_seed_expansion,random_fixed_density,12,211,0.4,54,0.07421875,0.001,0,0.07414456834700832,605,630,3937.0,22,expanded exact coverage under architecture-informed logical model; not compiled or hardware measured
n12_d25_s211,random_seed_expansion,random_fixed_density,12,211,0.55,60,0.0234375,0.0,0,0.023437499999999997,605,630,3937.0,22,expanded exact coverage under architecture-informed logical model; not compiled or hardware measured
n12_d25_s211,random_seed_expansion,random_fixed_density,12,211,0.55,60,0.0234375,0.001,0,0.023414074214844725,605,630,3937.0,22,expanded exact coverage under architecture-informed logical model; not compiled or hardware measured
n12_d50_s17,random_seed_expansion,random_fixed_density,12,17,0.25,100,0.10009765625,0.0,0,0.10009765625,1353,1378,8969.0,23,expanded exact coverage under architecture-informed logical model; not compiled or hardware measured
n12_d50_s17,random_seed_expansion,random_fixed_density,12,17,0.25,100,0.10009765625,0.001,0,0.09999760862589936,1353,1378,8969.0,23,expanded exact coverage under architecture-informed logical model; not compiled or hardware measured
n12_d50_s17,random_seed_expansion,random_fixed_density,12,17,0.4,112,0.0107421875,0.0,0,0.0107421875,1353,1378,8969.0,23,expanded exact coverage under architecture-informed logical model; not compiled or hardware measured
n12_d50_s17,random_seed_expansion,random_fixed_density,12,17,0.4,112,0.0107421875,0.001,0,0.010731450681803834,1353,1378,8969.0,23,expanded exact coverage under architecture-informed logical model; not compiled or hardware measured
n12_d50_s42,random_seed_expansion,random_fixed_density,12,42,0.25,98,0.0859375,0.0,0,0.0859375,1353,1378,8969.0,23,expanded exact coverage under architecture-informed logical model; not compiled or hardware measured
n12_d50_s42,random_seed_expansion,random_fixed_density,12,42,0.25,98,0.0859375,0.001,0,0.08585160545443067,1353,1378,8969.0,23,expanded exact coverage under architecture-informed logical model; not compiled or hardware measured
n12_d50_s42,random_seed_expansion,random_fixed_density,12,42,0.4,110,0.015625,0.0,0,0.015625,1353,1378,8969.0,23,expanded exact coverage under architecture-informed logical model; not compiled or hardware measured
n12_d50_s42,random_seed_expansion,random_fixed_density,12,42,0.4,110,0.015625,0.001,0,0.015609382809896485,1353,1378,8969.0,23,expanded exact coverage under architecture-informed logical model; not compiled or hardware measured
n12_d50_s42,random_seed_expansion,random_fixed_density,12,42,0.55,121,0.00244140625,0.0,0,0.0024414062500000004,1353,1378,8969.0,23,expanded exact coverage under architecture-informed logical model; not compiled or hardware measured
n12_d50_s42,random_seed_expansion,random_fixed_density,12,42,0.55,121,0.00244140625,0.001,0,0.0024389660640463263,1353,1378,8969.0,23,expanded exact coverage under architecture-informed logical model; not compiled or hardware measured
n12_d50_s73,random_seed_expansion,random_fixed_density,12,73,0.25,124,0.06689453125,0.0,0,0.06689453125,1353,1378,8969.0,23,expanded exact coverage under architecture-informed logical model; not compiled or hardware measured
n12_d50_s73,random_seed_expansion,random_fixed_density,12,73,0.25,124,0.06689453125,0.001,0,0.06682767015486933,1353,1378,8969.0,23,expanded exact coverage under architecture-informed logical model; not compiled or hardware measured
n12_d50_s73,random_seed_expansion,random_fixed_density,12,73,0.4,138,0.00732421875,0.0,0,0.00732421875,1353,1378,8969.0,23,expanded exact coverage under architecture-informed logical model; not compiled or hardware measured
n12_d50_s73,random_seed_expansion,random_fixed_density,12,73,0.4,138,0.00732421875,0.001,0,0.007316898192138977,1353,1378,8969.0,23,expanded exact coverage under architecture-informed logical model; not compiled or hardware measured
n12_d50_s101,random_seed_expansion,random_fixed_density,12,101,0.25,108,0.11083984375,0.0,0,0.11083984375,1353,1378,8969.0,23,expanded exact coverage under architecture-informed logical model; not compiled or hardware measured
n12_d50_s101,random_seed_expansion,random_fixed_density,12,101,0.25,108,0.11083984375,0.001,0,0.11072905930770319,1353,1378,8969.0,23,expanded exact coverage under architecture-informed logical model; not compiled or hardware measured
n12_d50_s101,random_seed_expansion,random_fixed_density,12,101,0.4,119,0.02294921875,0.0,0,0.022949218750000003,1353,1378,8969.0,23,expanded exact coverage under architecture-informed logical model; not compiled or hardware measured
n12_d50_s101,random_seed_expansion,random_fixed_density,12,101,0.4,119,0.02294921875,0.001,0,0.022926281002035465,1353,1378,8969.0,23,expanded exact coverage under architecture-informed logical model; not compiled or hardware measured
n12_d50_s101,random_seed_expansion,random_fixed_density,12,101,0.55,131,0.0009765625,0.0,0,0.0009765625,1353,1378,8969.0,23,expanded exact coverage under architecture-informed logical model; not compiled or hardware measured
n12_d50_s101,random_seed_expansion,random_fixed_density,12,101,0.55,131,0.0009765625,0.001,0,0.0009755864256185303,1353,1378,8969.0,23,expanded exact coverage under architecture-informed logical model; not compiled or hardware measured
n12_d50_s211,random_seed_expansion,random_fixed_density,12,211,0.25,97,0.10009765625,0.0,0,0.10009765625,1353,1378,8969.0,23,expanded exact coverage under architecture-informed logical model; not compiled or hardware measured
n12_d50_s211,random_seed_expansion,random_fixed_density,12,211,0.25,97,0.10009765625,0.001,0,0.09999760862589936,1353,1378,8969.0,23,expanded exact coverage under architecture-informed logical model; not compiled or hardware measured
n12_d50_s211,random_seed_expansion,random_fixed_density,12,211,0.4,109,0.01904296875,0.0,0,0.019042968750000003,1353,1378,8969.0,23,expanded exact coverage under architecture-informed logical model; not compiled or hardware measured
n12_d50_s211,random_seed_expansion,random_fixed_density,12,211,0.4,109,0.01904296875,0.001,0,0.019023935299561343,1353,1378,8969.0,23,expanded exact coverage under architecture-informed logical model; not compiled or hardware measured
n12_d50_s211,random_seed_expansion,random_fixed_density,12,211,0.55,121,0.00244140625,0.0,0,0.0024414062500000004,1353,1378,8969.0,23,expanded exact coverage under architecture-informed logical model; not compiled or hardware measured
n12_d50_s211,random_seed_expansion,random_fixed_density,12,211,0.55,121,0.00244140625,0.001,0,0.0024389660640463263,1353,1378,8969.0,23,expanded exact coverage under architecture-informed logical model; not compiled or hardware measured
n12_d75_s17,random_seed_expansion,random_fixed_density,12,17,0.25,139,0.13916015625,0.0,0,0.13916015625000003,2033,2058,13457.0,23,expanded exact coverage under architecture-informed logical model; not compiled or hardware measured
n12_d75_s17,random_seed_expansion,random_fixed_density,12,17,0.25,139,0.13916015625,0.001,0,0.1390210656506406,2033,2058,13457.0,23,expanded exact coverage under architecture-informed logical model; not compiled or hardware measured
n12_d75_s17,random_seed_expansion,random_fixed_density,12,17,0.4,150,0.0322265625,0.0,0,0.0322265625,2033,2058,13457.0,23,expanded exact coverage under architecture-informed logical model; not compiled or hardware measured
n12_d75_s17,random_seed_expansion,random_fixed_density,12,17,0.4,150,0.0322265625,0.001,0,0.032194352045411496,2033,2058,13457.0,23,expanded exact coverage under architecture-informed logical model; not compiled or hardware measured
n12_d75_s17,random_seed_expansion,random_fixed_density,12,17,0.55,161,0.001953125,0.0,0,0.0019531250000000004,2033,2058,13457.0,23,expanded exact coverage under architecture-informed logical model; not compiled or hardware measured
n12_d75_s17,random_seed_expansion,random_fixed_density,12,17,0.55,161,0.001953125,0.001,0,0.001951172851237061,2033,2058,13457.0,23,expanded exact coverage under architecture-informed logical model; not compiled or hardware measured
n12_d75_s42,random_seed_expansion,random_fixed_density,12,42,0.25,148,0.08935546875,0.0,0,0.08935546875000001,2033,2058,13457.0,23,expanded exact coverage under architecture-informed logical model; not compiled or hardware measured
n12_d75_s42,random_seed_expansion,random_fixed_density,12,42,0.25,148,0.08935546875,0.001,0,0.08926615794409554,2033,2058,13457.0,23,expanded exact coverage under architecture-informed logical model; not compiled or hardware measured
n12_d75_s42,random_seed_expansion,random_fixed_density,12,42,0.4,161,0.01318359375,0.0,0,0.01318359375,2033,2058,13457.0,23,expanded exact coverage under architecture-informed logical model; not compiled or hardware measured
n12_d75_s42,random_seed_expansion,random_fixed_density,12,42,0.4,161,0.01318359375,0.001,0,0.013170416745850158,2033,2058,13457.0,23,expanded exact coverage under architecture-informed logical model; not compiled or hardware measured
n12_d75_s42,random_seed_expansion,random_fixed_density,12,42,0.55,175,0.00048828125,0.0,0,0.0004882812500000001,2033,2058,13457.0,23,expanded exact coverage under architecture-informed logical model; not compiled or hardware measured
n12_d75_s42,random_seed_expansion,random_fixed_density,12,42,0.55,175,0.00048828125,0.001,0,0.00048779321280926526,2033,2058,13457.0,23,expanded exact coverage under architecture-informed logical model; not compiled or hardware measured
n12_d75_s73,random_seed_expansion,random_fixed_density,12,73,0.25,155,0.08935546875,0.0,0,0.08935546875000001,2237,2262,15089.0,24,expanded exact coverage under architecture-informed logical model; not compiled or hardware measured
n12_d75_s73,random_seed_expansion,random_fixed_density,12,73,0.25,155,0.08935546875,0.001,0,0.08926615794409554,2237,2262,15089.0,24,expanded exact coverage under architecture-informed logical model; not compiled or hardware measured
n12_d75_s73,random_seed_expansion,random_fixed_density,12,73,0.4,168,0.0087890625,0.0,0,0.0087890625,2237,2262,15089.0,24,expanded exact coverage under architecture-informed logical model; not compiled or hardware measured
n12_d75_s73,random_seed_expansion,random_fixed_density,12,73,0.4,168,0.0087890625,0.001,0,0.008780277830566773,2237,2262,15089.0,24,expanded exact coverage under architecture-informed logical model; not compiled or hardware measured
n12_d75_s73,random_seed_expansion,random_fixed_density,12,73,0.55,182,0.0009765625,0.0,0,0.0009765625,2237,2262,15089.0,24,expanded exact coverage under architecture-informed logical model; not compiled or hardware measured
n12_d75_s73,random_seed_expansion,random_fixed_density,12,73,0.55,182,0.0009765625,0.001,0,0.0009755864256185303,2237,2262,15089.0,24,expanded exact coverage under architecture-informed logical model; not compiled or hardware measured
n12_d75_s101,random_seed_expansion,random_fixed_density,12,101,0.25,137,0.1318359375,0.0,0,0.1318359375,2033,2058,13457.0,23,expanded exact coverage under architecture-informed logical model; not compiled or hardware measured
n12_d75_s101,random_seed_expansion,random_fixed_density,12,101,0.25,137,0.1318359375,0.001,0,0.13170416745850158,2033,2058,13457.0,23,expanded exact coverage under architecture-informed logical model; not compiled or hardware measured
n12_d75_s101,random_seed_expansion,random_fixed_density,12,101,0.4,149,0.02587890625,0.0,0,0.025878906250000003,2033,2058,13457.0,23,expanded exact coverage under architecture-informed logical model; not compiled or hardware measured
n12_d75_s101,random_seed_expansion,random_fixed_density,12,101,0.4,149,0.02587890625,0.001,0,0.025853040278891057,2033,2058,13457.0,23,expanded exact coverage under architecture-informed logical model; not compiled or hardware measured
n12_d75_s101,random_seed_expansion,random_fixed_density,12,101,0.55,160,0.00390625,0.0,0,0.003906249999999999,2033,2058,13457.0,23,expanded exact coverage under architecture-informed logical model; not compiled or hardware measured
n12_d75_s101,random_seed_expansion,random_fixed_density,12,101,0.55,160,0.00390625,0.001,0,0.0039023457024741203,2033,2058,13457.0,23,expanded exact coverage under architecture-informed logical model; not compiled or hardware measured
n12_d75_s211,random_seed_expansion,random_fixed_density,12,211,0.25,151,0.17626953125,0.0,0,0.17626953125,2237,2262,15089.0,24,expanded exact coverage under architecture-informed logical model; not compiled or hardware measured
n12_d75_s211,random_seed_expansion,random_fixed_density,12,211,0.25,151,0.17626953125,0.001,0,0.1760933498241447,2237,2262,15089.0,24,expanded exact coverage under architecture-informed logical model; not compiled or hardware measured
n12_d75_s211,random_seed_expansion,random_fixed_density,12,211,0.4,162,0.0458984375,0.0,0,0.0458984375,2237,2262,15089.0,24,expanded exact coverage under architecture-informed logical model; not compiled or hardware measured
n12_d75_s211,random_seed_expansion,random_fixed_density,12,211,0.4,162,0.0458984375,0.001,0,0.045852562004070924,2237,2262,15089.0,24,expanded exact coverage under architecture-informed logical model; not compiled or hardware measured
n12_d75_s211,random_seed_expansion,random_fixed_density,12,211,0.55,173,0.0048828125,0.0,0,0.004882812500000001,2237,2262,15089.0,24,expanded exact coverage under architecture-informed logical model; not compiled or hardware measured
n12_d75_s211,random_seed_expansion,random_fixed_density,12,211,0.55,173,0.0048828125,0.001,0,0.0048779321280926526,2237,2262,15089.0,24,expanded exact coverage under architecture-informed logical model; not compiled or hardware measured
cycle_n8_s17,structured_family,cycle,8,17,0.25,25,0.2890625,0.0,0,0.2890625,281,298,1793.0,17,expanded exact coverage under architecture-informed logical model; not compiled or hardware measured
cycle_n8_s17,structured_family,cycle,8,17,0.25,25,0.2890625,0.001,0,0.28877358198308495,281,298,1793.0,17,expanded exact coverage under architecture-informed logical model; not compiled or hardware measured
cycle_n8_s17,structured_family,cycle,8,17,0.4,28,0.1796875,0.0,0,0.1796875,281,298,1793.0,17,expanded exact coverage under architecture-informed logical model; not compiled or hardware measured
cycle_n8_s17,structured_family,cycle,8,17,0.4,28,0.1796875,0.001,0,0.1795079023138096,281,298,1793.0,17,expanded exact coverage under architecture-informed logical model; not compiled or hardware measured
cycle_n8_s17,structured_family,cycle,8,17,0.55,31,0.109375,0.0,0,0.10937500000000001,281,298,1793.0,17,expanded exact coverage under architecture-informed logical model; not compiled or hardware measured
cycle_n8_s17,structured_family,cycle,8,17,0.55,31,0.109375,0.001,0,0.1092656796692754,281,298,1793.0,17,expanded exact coverage under architecture-informed logical model; not compiled or hardware measured
cycle_n8_s42,structured_family,cycle,8,42,0.25,24,0.28125,0.0,0,0.28124999999999994,281,298,1793.0,17,expanded exact coverage under architecture-informed logical model; not compiled or hardware measured
cycle_n8_s42,structured_family,cycle,8,42,0.25,24,0.28125,0.001,0,0.2809688905781367,281,298,1793.0,17,expanded exact coverage under architecture-informed logical model; not compiled or hardware measured
cycle_n8_s42,structured_family,cycle,8,42,0.4,27,0.171875,0.0,0,0.171875,281,298,1793.0,17,expanded exact coverage under architecture-informed logical model; not compiled or hardware measured
cycle_n8_s42,structured_family,cycle,8,42,0.4,27,0.171875,0.001,0,0.17170321090886134,281,298,1793.0,17,expanded exact coverage under architecture-informed logical model; not compiled or hardware measured
cycle_n8_s42,structured_family,cycle,8,42,0.55,30,0.1015625,0.0,0,0.10156249999999999,281,298,1793.0,17,expanded exact coverage under architecture-informed logical model; not compiled or hardware measured
cycle_n8_s42,structured_family,cycle,8,42,0.55,30,0.1015625,0.001,0,0.10146098826432713,281,298,1793.0,17,expanded exact coverage under architecture-informed logical model; not compiled or hardware measured
cubic_circulant_n8_s17,structured_family,cubic_circulant,8,17,0.25,33,0.1875,0.0,0,0.18749999999999997,409,426,2593.0,17,expanded exact coverage under architecture-informed logical model; not compiled or hardware measured
cubic_circulant_n8_s17,structured_family,cubic_circulant,8,17,0.25,33,0.1875,0.001,0,0.1873125937187578,409,426,2593.0,17,expanded exact coverage under architecture-informed logical model; not compiled or hardware measured
cubic_circulant_n8_s17,structured_family,cubic_circulant,8,17,0.4,37,0.109375,0.0,0,0.10937500000000001,409,426,2593.0,17,expanded exact coverage under architecture-informed logical model; not compiled or hardware measured
cubic_circulant_n8_s17,structured_family,cubic_circulant,8,17,0.4,37,0.109375,0.001,0,0.1092656796692754,409,426,2593.0,17,expanded exact coverage under architecture-informed logical model; not compiled or hardware measured
cubic_circulant_n8_s17,structured_family,cubic_circulant,8,17,0.55,41,0.0703125,0.0,0,0.07031249999999999,409,426,2593.0,17,expanded exact coverage under architecture-informed logical model; not compiled or hardware measured
cubic_circulant_n8_s17,structured_family,cubic_circulant,8,17,0.55,41,0.0703125,0.001,0,0.07024222264453417,409,426,2593.0,17,expanded exact coverage under architecture-informed logical model; not compiled or hardware measured
cubic_circulant_n8_s42,structured_family,cubic_circulant,8,42,0.25,35,0.2265625,0.0,0,0.22656250000000003,409,426,2593.0,17,expanded exact coverage under architecture-informed logical model; not compiled or hardware measured
cubic_circulant_n8_s42,structured_family,cubic_circulant,8,42,0.25,35,0.2265625,0.001,0,0.22633605074349905,409,426,2593.0,17,expanded exact coverage under architecture-informed logical model; not compiled or hardware measured
cubic_circulant_n8_s42,structured_family,cubic_circulant,8,42,0.4,39,0.171875,0.0,0,0.171875,409,426,2593.0,17,expanded exact coverage under architecture-informed logical model; not compiled or hardware measured
cubic_circulant_n8_s42,structured_family,cubic_circulant,8,42,0.4,39,0.171875,0.001,0,0.17170321090886134,409,426,2593.0,17,expanded exact coverage under architecture-informed logical model; not compiled or hardware measured
cubic_circulant_n8_s42,structured_family,cubic_circulant,8,42,0.55,43,0.03125,0.0,0,0.03125000000000001,409,426,2593.0,17,expanded exact coverage under architecture-informed logical model; not compiled or hardware measured
cubic_circulant_n8_s42,structured_family,cubic_circulant,8,42,0.55,43,0.03125,0.001,0,0.031218765619792976,409,426,2593.0,17,expanded exact coverage under architecture-informed logical model; not compiled or hardware measured
two_community_n8_s17,structured_family,two_community,8,17,0.25,40,0.2734375,0.0,0,0.2734375,533,550,3473.0,18,expanded exact coverage under architecture-informed logical model; not compiled or hardware measured
two_community_n8_s17,structured_family,two_community,8,17,0.25,40,0.2734375,0.001,0,0.27316419917318846,533,550,3473.0,18,expanded exact coverage under architecture-informed logical model; not compiled or hardware measured
two_community_n8_s17,structured_family,two_community,8,17,0.4,45,0.0703125,0.0,0,0.07031249999999999,533,550,3473.0,18,expanded exact coverage under architecture-informed logical model; not compiled or hardware measured
two_community_n8_s17,structured_family,two_community,8,17,0.4,45,0.0703125,0.001,0,0.07024222264453417,533,550,3473.0,18,expanded exact coverage under architecture-informed logical model; not compiled or hardware measured
two_community_n8_s17,structured_family,two_community,8,17,0.55,49,0.03125,0.0,0,0.03125000000000001,533,550,3473.0,18,expanded exact coverage under architecture-informed logical model; not compiled or hardware measured
two_community_n8_s17,structured_family,two_community,8,17,0.55,49,0.03125,0.001,0,0.031218765619792976,533,550,3473.0,18,expanded exact coverage under architecture-informed logical model; not compiled or hardware measured
two_community_n8_s42,structured_family,two_community,8,42,0.25,44,0.2109375,0.0,0,0.2109375,533,550,3473.0,18,expanded exact coverage under architecture-informed logical model; not compiled or hardware measured
two_community_n8_s42,structured_family,two_community,8,42,0.25,44,0.2109375,0.001,0,0.21072666793360254,533,550,3473.0,18,expanded exact coverage under architecture-informed logical model; not compiled or hardware measured
two_community_n8_s42,structured_family,two_community,8,42,0.4,49,0.0546875,0.0,0,0.0546875,533,550,3473.0,18,expanded exact coverage under architecture-informed logical model; not compiled or hardware measured
two_community_n8_s42,structured_family,two_community,8,42,0.4,49,0.0546875,0.001,0,0.054632839834637695,533,550,3473.0,18,expanded exact coverage under architecture-informed logical model; not compiled or hardware measured
two_community_n8_s42,structured_family,two_community,8,42,0.55,54,0.0234375,0.0,0,0.023437499999999997,533,550,3473.0,18,expanded exact coverage under architecture-informed logical model; not compiled or hardware measured
two_community_n8_s42,structured_family,two_community,8,42,0.55,54,0.0234375,0.001,0,0.023414074214844725,533,550,3473.0,18,expanded exact coverage under architecture-informed logical model; not compiled or hardware measured
cycle_n10_s17,structured_family,cycle,10,17,0.25,27,0.2734375,0.0,0,0.2734375,345,366,2193.0,19,expanded exact coverage under architecture-informed logical model; not compiled or hardware measured
cycle_n10_s17,structured_family,cycle,10,17,0.25,27,0.2734375,0.001,0,0.27316419917318846,345,366,2193.0,19,expanded exact coverage under architecture-informed logical model; not compiled or hardware measured
cycle_n10_s17,structured_family,cycle,10,17,0.4,31,0.1328125,0.0,0,0.1328125,345,366,2193.0,19,expanded exact coverage under architecture-informed logical model; not compiled or hardware measured
cycle_n10_s17,structured_family,cycle,10,17,0.4,31,0.1328125,0.001,0,0.13267975388412012,345,366,2193.0,19,expanded exact coverage under architecture-informed logical model; not compiled or hardware measured
cycle_n10_s17,structured_family,cycle,10,17,0.55,34,0.072265625,0.0,0,0.072265625,345,366,2193.0,19,expanded exact coverage under architecture-informed logical model; not compiled or hardware measured
cycle_n10_s17,structured_family,cycle,10,17,0.55,34,0.072265625,0.001,0,0.07219339549577124,345,366,2193.0,19,expanded exact coverage under architecture-informed logical model; not compiled or hardware measured
cycle_n10_s42,structured_family,cycle,10,42,0.25,26,0.267578125,0.0,0,0.267578125,345,366,2193.0,19,expanded exact coverage under architecture-informed logical model; not compiled or hardware measured
cycle_n10_s42,structured_family,cycle,10,42,0.25,26,0.267578125,0.001,0,0.2673106806194773,345,366,2193.0,19,expanded exact coverage under architecture-informed logical model; not compiled or hardware measured
cycle_n10_s42,structured_family,cycle,10,42,0.4,29,0.150390625,0.0,0,0.150390625,345,366,2193.0,19,expanded exact coverage under architecture-informed logical model; not compiled or hardware measured
cycle_n10_s42,structured_family,cycle,10,42,0.4,29,0.150390625,0.001,0,0.15024030954525366,345,366,2193.0,19,expanded exact coverage under architecture-informed logical model; not compiled or hardware measured
cycle_n10_s42,structured_family,cycle,10,42,0.55,32,0.080078125,0.0,0,0.08007812500000001,345,366,2193.0,19,expanded exact coverage under architecture-informed logical model; not compiled or hardware measured
cycle_n10_s42,structured_family,cycle,10,42,0.55,32,0.080078125,0.001,0,0.0799980869007195,345,366,2193.0,19,expanded exact coverage under architecture-informed logical model; not compiled or hardware measured
cubic_circulant_n10_s17,structured_family,cubic_circulant,10,17,0.25,45,0.212890625,0.0,0,0.212890625,569,590,3705.0,20,expanded exact coverage under architecture-informed logical model; not compiled or hardware measured
cubic_circulant_n10_s17,structured_family,cubic_circulant,10,17,0.25,45,0.212890625,0.001,0,0.21267784078483962,569,590,3705.0,20,expanded exact coverage under architecture-informed logical model; not compiled or hardware measured
cubic_circulant_n10_s17,structured_family,cubic_circulant,10,17,0.4,50,0.080078125,0.0,0,0.08007812500000001,569,590,3705.0,20,expanded exact coverage under architecture-informed logical model; not compiled or hardware measured
cubic_circulant_n10_s17,structured_family,cubic_circulant,10,17,0.4,50,0.080078125,0.001,0,0.0799980869007195,569,590,3705.0,20,expanded exact coverage under architecture-informed logical model; not compiled or hardware measured
cubic_circulant_n10_s17,structured_family,cubic_circulant,10,17,0.55,56,0.033203125,0.0,0,0.033203125,569,590,3705.0,20,expanded exact coverage under architecture-informed logical model; not compiled or hardware measured
cubic_circulant_n10_s17,structured_family,cubic_circulant,10,17,0.55,56,0.033203125,0.001,0,0.03316993847103003,569,590,3705.0,20,expanded exact coverage under architecture-informed logical model; not compiled or hardware measured
cubic_circulant_n10_s42,structured_family,cubic_circulant,10,42,0.25,48,0.203125,0.0,0,0.20312499999999997,569,590,3705.0,20,expanded exact coverage under architecture-informed logical model; not compiled or hardware measured
cubic_circulant_n10_s42,structured_family,cubic_circulant,10,42,0.25,48,0.203125,0.001,0,0.20292197652865426,569,590,3705.0,20,expanded exact coverage under architecture-informed logical model; not compiled or hardware measured
cubic_circulant_n10_s42,structured_family,cubic_circulant,10,42,0.4,54,0.080078125,0.0,0,0.08007812500000001,569,590,3705.0,20,expanded exact coverage under architecture-informed logical model; not compiled or hardware measured
cubic_circulant_n10_s42,structured_family,cubic_circulant,10,42,0.4,54,0.080078125,0.001,0,0.0799980869007195,569,590,3705.0,20,expanded exact coverage under architecture-informed logical model; not compiled or hardware measured
cubic_circulant_n10_s42,structured_family,cubic_circulant,10,42,0.55,59,0.033203125,0.0,0,0.033203125,569,590,3705.0,20,expanded exact coverage under architecture-informed logical model; not compiled or hardware measured
cubic_circulant_n10_s42,structured_family,cubic_circulant,10,42,0.55,59,0.033203125,0.001,0,0.03316993847103003,569,590,3705.0,20,expanded exact coverage under architecture-informed logical model; not compiled or hardware measured
two_community_n10_s17,structured_family,two_community,10,17,0.25,60,0.171875,0.0,0,0.171875,821,842,5329.0,20,expanded exact coverage under architecture-informed logical model; not compiled or hardware measured
two_community_n10_s17,structured_family,two_community,10,17,0.25,60,0.171875,0.001,0,0.17170321090886134,821,842,5329.0,20,expanded exact coverage under architecture-informed logical model; not compiled or hardware measured
two_community_n10_s17,structured_family,two_community,10,17,0.4,68,0.01171875,0.0,0,0.011718749999999998,821,842,5329.0,20,expanded exact coverage under architecture-informed logical model; not compiled or hardware measured
two_community_n10_s17,structured_family,two_community,10,17,0.4,68,0.01171875,0.001,0,0.011707037107422363,821,842,5329.0,20,expanded exact coverage under architecture-informed logical model; not compiled or hardware measured
two_community_n10_s42,structured_family,two_community,10,42,0.25,71,0.1171875,0.0,0,0.1171875,821,842,5329.0,20,expanded exact coverage under architecture-informed logical model; not compiled or hardware measured
two_community_n10_s42,structured_family,two_community,10,42,0.25,71,0.1171875,0.001,0,0.11707037107422363,821,842,5329.0,20,expanded exact coverage under architecture-informed logical model; not compiled or hardware measured
two_community_n10_s42,structured_family,two_community,10,42,0.4,80,0.021484375,0.0,0,0.021484375,821,842,5329.0,20,expanded exact coverage under architecture-informed logical model; not compiled or hardware measured
two_community_n10_s42,structured_family,two_community,10,42,0.4,80,0.021484375,0.001,0,0.021462901363607668,821,842,5329.0,20,expanded exact coverage under architecture-informed logical model; not compiled or hardware measured
cycle_n12_s17,structured_family,cycle,12,17,0.25,33,0.22900390625,0.0,0,0.22900390625000003,409,434,2593.0,21,expanded exact coverage under architecture-informed logical model; not compiled or hardware measured
cycle_n12_s17,structured_family,cycle,12,17,0.25,33,0.22900390625,0.001,0,0.2287750168075454,409,434,2593.0,21,expanded exact coverage under architecture-informed logical model; not compiled or hardware measured
cycle_n12_s17,structured_family,cycle,12,17,0.4,37,0.11572265625,0.0,0,0.11572265624999999,409,434,2593.0,21,expanded exact coverage under architecture-informed logical model; not compiled or hardware measured
cycle_n12_s17,structured_family,cycle,12,17,0.4,37,0.11572265625,0.001,0,0.11560699143579582,409,434,2593.0,21,expanded exact coverage under architecture-informed logical model; not compiled or hardware measured
cycle_n12_s17,structured_family,cycle,12,17,0.55,41,0.04248046875,0.0,0,0.04248046875,409,434,2593.0,21,expanded exact coverage under architecture-informed logical model; not compiled or hardware measured
cycle_n12_s17,structured_family,cycle,12,17,0.55,41,0.04248046875,0.001,0,0.042438009514406065,409,434,2593.0,21,expanded exact coverage under architecture-informed logical model; not compiled or hardware measured
cycle_n12_s42,structured_family,cycle,12,42,0.25,35,0.23193359375,0.0,0,0.23193359375,409,434,2593.0,21,expanded exact coverage under architecture-informed logical model; not compiled or hardware measured
cycle_n12_s42,structured_family,cycle,12,42,0.25,35,0.23193359375,0.001,0,0.23170177608440096,409,434,2593.0,21,expanded exact coverage under architecture-informed logical model; not compiled or hardware measured
cycle_n12_s42,structured_family,cycle,12,42,0.4,39,0.12353515625,0.0,0,0.12353515625,409,434,2593.0,21,expanded exact coverage under architecture-informed logical model; not compiled or hardware measured
cycle_n12_s42,structured_family,cycle,12,42,0.4,39,0.12353515625,0.001,0,0.12341168284074408,409,434,2593.0,21,expanded exact coverage under architecture-informed logical model; not compiled or hardware measured
cycle_n12_s42,structured_family,cycle,12,42,0.55,43,0.05224609375,0.0,0,0.05224609375,409,434,2593.0,21,expanded exact coverage under architecture-informed logical model; not compiled or hardware measured
cycle_n12_s42,structured_family,cycle,12,42,0.55,43,0.05224609375,0.001,0,0.05219387377059137,409,434,2593.0,21,expanded exact coverage under architecture-informed logical model; not compiled or hardware measured
cubic_circulant_n12_s17,structured_family,cubic_circulant,12,17,0.25,54,0.15966796875,0.0,0,0.15966796874999997,677,702,4401.0,22,expanded exact coverage under architecture-informed logical model; not compiled or hardware measured
cubic_circulant_n12_s17,structured_family,cubic_circulant,12,17,0.25,54,0.15966796875,0.001,0,0.15950838058862968,677,702,4401.0,22,expanded exact coverage under architecture-informed logical model; not compiled or hardware measured
cubic_circulant_n12_s17,structured_family,cubic_circulant,12,17,0.4,60,0.0712890625,0.0,0,0.07128906249999999,677,702,4401.0,22,expanded exact coverage under architecture-informed logical model; not compiled or hardware measured
cubic_circulant_n12_s17,structured_family,cubic_circulant,12,17,0.4,60,0.0712890625,0.001,0,0.0712178090701527,677,702,4401.0,22,expanded exact coverage under architecture-informed logical model; not compiled or hardware measured
cubic_circulant_n12_s17,structured_family,cubic_circulant,12,17,0.55,66,0.02001953125,0.0,0,0.020019531250000003,677,702,4401.0,22,expanded exact coverage under architecture-informed logical model; not compiled or hardware measured
cubic_circulant_n12_s17,structured_family,cubic_circulant,12,17,0.55,66,0.02001953125,0.001,0,0.019999521725179874,677,702,4401.0,22,expanded exact coverage under architecture-informed logical model; not compiled or hardware measured
cubic_circulant_n12_s42,structured_family,cubic_circulant,12,42,0.25,57,0.1806640625,0.0,0,0.18066406250000003,677,702,4401.0,22,expanded exact coverage under architecture-informed logical model; not compiled or hardware measured
cubic_circulant_n12_s42,structured_family,cubic_circulant,12,42,0.25,57,0.1806640625,0.001,0,0.18048348873942813,677,702,4401.0,22,expanded exact coverage under architecture-informed logical model; not compiled or hardware measured
cubic_circulant_n12_s42,structured_family,cubic_circulant,12,42,0.4,64,0.06494140625,0.0,0,0.06494140625,677,702,4401.0,22,expanded exact coverage under architecture-informed logical model; not compiled or hardware measured
cubic_circulant_n12_s42,structured_family,cubic_circulant,12,42,0.4,64,0.06494140625,0.001,0,0.06487649730363226,677,702,4401.0,22,expanded exact coverage under architecture-informed logical model; not compiled or hardware measured
cubic_circulant_n12_s42,structured_family,cubic_circulant,12,42,0.55,71,0.0205078125,0.0,0,0.0205078125,677,702,4401.0,22,expanded exact coverage under architecture-informed logical model; not compiled or hardware measured
cubic_circulant_n12_s42,structured_family,cubic_circulant,12,42,0.55,71,0.0205078125,0.001,0,0.020487314937989137,677,702,4401.0,22,expanded exact coverage under architecture-informed logical model; not compiled or hardware measured
two_community_n12_s17,structured_family,two_community,12,17,0.25,86,0.18359375,0.0,0,0.18359375,1313,1338,8705.0,23,expanded exact coverage under architecture-informed logical model; not compiled or hardware measured
two_community_n12_s17,structured_family,two_community,12,17,0.25,86,0.18359375,0.001,0,0.1834102480162837,1313,1338,8705.0,23,expanded exact coverage under architecture-informed logical model; not compiled or hardware measured
two_community_n12_s17,structured_family,two_community,12,17,0.4,95,0.02783203125,0.0,0,0.02783203125,1313,1338,8705.0,23,expanded exact coverage under architecture-informed logical model; not compiled or hardware measured
two_community_n12_s17,structured_family,two_community,12,17,0.4,95,0.02783203125,0.001,0,0.027804213130128114,1313,1338,8705.0,23,expanded exact coverage under architecture-informed logical model; not compiled or hardware measured
two_community_n12_s17,structured_family,two_community,12,17,0.55,103,0.00390625,0.0,0,0.003906249999999999,1313,1338,8705.0,23,expanded exact coverage under architecture-informed logical model; not compiled or hardware measured
two_community_n12_s17,structured_family,two_community,12,17,0.55,103,0.00390625,0.001,0,0.0039023457024741203,1313,1338,8705.0,23,expanded exact coverage under architecture-informed logical model; not compiled or hardware measured
two_community_n12_s42,structured_family,two_community,12,42,0.25,96,0.23828125,0.0,0,0.23828125000000003,1313,1338,8705.0,23,expanded exact coverage under architecture-informed logical model; not compiled or hardware measured
two_community_n12_s42,structured_family,two_community,12,42,0.25,96,0.23828125,0.001,0,0.23804308785092143,1313,1338,8705.0,23,expanded exact coverage under architecture-informed logical model; not compiled or hardware measured
two_community_n12_s42,structured_family,two_community,12,42,0.4,103,0.0849609375,0.0,0,0.08496093750000001,1313,1338,8705.0,23,expanded exact coverage under architecture-informed logical model; not compiled or hardware measured
two_community_n12_s42,structured_family,two_community,12,42,0.4,103,0.0849609375,0.001,0,0.08487601902881214,1313,1338,8705.0,23,expanded exact coverage under architecture-informed logical model; not compiled or hardware measured
two_community_n12_s42,structured_family,two_community,12,42,0.55,111,0.01220703125,0.0,0,0.012207031250000002,1313,1338,8705.0,23,expanded exact coverage under architecture-informed logical model; not compiled or hardware measured
two_community_n12_s42,structured_family,two_community,12,42,0.55,111,0.01220703125,0.001,0,0.01219483032023163,1313,1338,8705.0,23,expanded exact coverage under architecture-informed logical model; not compiled or hardware measured
