tier,instance_id,n,density_target,seed,operational_level,threshold,random_expectation_anchor,spectral_upper_bound,target_event_count_exact_validation,rho_tau_exact_validation,feasible_exact_validation,realized_quality_ratio_exact_validation,construction_uses_C_star,declared_level,k_star_zero_fixed_zero_attenuation,break_even_fixed_overhead_ratio_to_oracle_zero_attenuation,evidence_label
primary,n8_d25_s17,8,0.25,17,0.0,20,20.0,40.0,128,0.5,True,0.5,False,False,0,1823730960853321.5,"dense operational-lambda audit; exact retrospective validation, not population inference"
primary,n8_d25_s17,8,0.25,17,0.05,21,20.0,40.0,128,0.5,True,0.525,False,False,0,1823730960853321.5,"dense operational-lambda audit; exact retrospective validation, not population inference"
primary,n8_d25_s17,8,0.25,17,0.1,22,20.0,40.0,120,0.46875,True,0.55,False,False,0,4.083453343672685,"dense operational-lambda audit; exact retrospective validation, not population inference"
primary,n8_d25_s17,8,0.25,17,0.15,23,20.0,40.0,112,0.4375,True,0.575,False,False,0,1.925646927530169,"dense operational-lambda audit; exact retrospective validation, not population inference"
primary,n8_d25_s17,8,0.25,17,0.2,24,20.0,40.0,92,0.359375,True,0.6,False,False,0,0.7484097942046588,"dense operational-lambda audit; exact retrospective validation, not population inference"
primary,n8_d25_s17,8,0.25,17,0.25,25,20.0,40.0,72,0.28125,True,0.625,False,True,0,0.4266803913082466,"dense operational-lambda audit; exact retrospective validation, not population inference"
primary,n8_d25_s17,8,0.25,17,0.3,26,20.0,40.0,60,0.234375,True,0.65,False,False,0,0.328731115798485,"dense operational-lambda audit; exact retrospective validation, not population inference"
primary,n8_d25_s17,8,0.25,17,0.35,27,20.0,40.0,48,0.1875,True,0.675,False,False,0,0.26230141484378766,"dense operational-lambda audit; exact retrospective validation, not population inference"
primary,n8_d25_s17,8,0.25,17,0.4,28,20.0,40.0,48,0.1875,True,0.7,False,True,0,0.26230141484378766,"dense operational-lambda audit; exact retrospective validation, not population inference"
primary,n8_d25_s17,8,0.25,17,0.45,29,20.0,40.0,46,0.1796875,True,0.725,False,False,0,0.2532974912746168,"dense operational-lambda audit; exact retrospective validation, not population inference"
primary,n8_d25_s17,8,0.25,17,0.5,30,20.0,40.0,44,0.171875,True,0.75,False,False,0,0.24476807506335274,"dense operational-lambda audit; exact retrospective validation, not population inference"
primary,n8_d25_s17,8,0.25,17,0.55,31,20.0,40.0,34,0.1328125,True,0.775,False,True,0,0.20813986242523325,"dense operational-lambda audit; exact retrospective validation, not population inference"
primary,n8_d25_s17,8,0.25,17,0.6,32,20.0,40.0,24,0.09375,True,0.8,False,False,0,0.17933898471595727,"dense operational-lambda audit; exact retrospective validation, not population inference"
primary,n8_d25_s17,8,0.25,17,0.65,33,20.0,40.0,16,0.0625,True,0.825,False,False,0,0.15544921006314602,"dense operational-lambda audit; exact retrospective validation, not population inference"
primary,n8_d25_s17,8,0.25,17,0.7,34,20.0,40.0,8,0.03125,True,0.85,False,False,0,0.11258713273540384,"dense operational-lambda audit; exact retrospective validation, not population inference"
primary,n8_d25_s17,8,0.25,17,0.75,35,20.0,40.0,8,0.03125,True,0.875,False,False,0,0.11258713273540384,"dense operational-lambda audit; exact retrospective validation, not population inference"
primary,n8_d25_s17,8,0.25,17,0.8,36,20.0,40.0,8,0.03125,True,0.9,False,False,0,0.11258713273540384,"dense operational-lambda audit; exact retrospective validation, not population inference"
primary,n8_d25_s17,8,0.25,17,0.85,37,20.0,40.0,8,0.03125,True,0.925,False,False,0,0.11258713273540384,"dense operational-lambda audit; exact retrospective validation, not population inference"
primary,n8_d25_s17,8,0.25,17,0.9,38,20.0,40.0,6,0.0234375,True,0.95,False,False,0,0.09665783665525635,"dense operational-lambda audit; exact retrospective validation, not population inference"
primary,n8_d25_s17,8,0.25,17,0.95,39,20.0,40.0,4,0.015625,True,0.975,False,False,0,0.07974219658885555,"dense operational-lambda audit; exact retrospective validation, not population inference"
primary,n8_d25_s17,8,0.25,17,1.0,40,20.0,40.0,2,0.0078125,True,1.0,False,False,0,0.05662769020658939,"dense operational-lambda audit; exact retrospective validation, not population inference"
primary,n8_d25_s42,8,0.25,42,0.0,19,19.0,38.0,144,0.5625,True,0.6129032258064516,False,False,0,5.290527008041122,"dense operational-lambda audit; exact retrospective validation, not population inference"
primary,n8_d25_s42,8,0.25,42,0.05,20,19.0,38.0,120,0.46875,True,0.6451612903225806,False,False,0,4.083453343672685,"dense operational-lambda audit; exact retrospective validation, not population inference"
primary,n8_d25_s42,8,0.25,42,0.1,21,19.0,38.0,104,0.40625,True,0.6774193548387096,False,False,0,1.2143478596050692,"dense operational-lambda audit; exact retrospective validation, not population inference"
primary,n8_d25_s42,8,0.25,42,0.15,22,19.0,38.0,88,0.34375,True,0.7096774193548387,False,False,0,0.6569216512719337,"dense operational-lambda audit; exact retrospective validation, not population inference"
primary,n8_d25_s42,8,0.25,42,0.2,23,19.0,38.0,80,0.3125,True,0.7419354838709677,False,False,0,0.5215240921455614,"dense operational-lambda audit; exact retrospective validation, not population inference"
primary,n8_d25_s42,8,0.25,42,0.25,24,19.0,38.0,72,0.28125,True,0.7741935483870968,False,True,0,0.4266803913082466,"dense operational-lambda audit; exact retrospective validation, not population inference"
primary,n8_d25_s42,8,0.25,42,0.3,25,19.0,38.0,72,0.28125,True,0.8064516129032258,False,False,0,0.4266803913082466,"dense operational-lambda audit; exact retrospective validation, not population inference"
primary,n8_d25_s42,8,0.25,42,0.35,26,19.0,38.0,64,0.25,True,0.8387096774193549,False,False,0,0.3569784473739276,"dense operational-lambda audit; exact retrospective validation, not population inference"
primary,n8_d25_s42,8,0.25,42,0.4,27,19.0,38.0,56,0.21875,True,0.8709677419354839,False,True,0,0.3038850526609472,"dense operational-lambda audit; exact retrospective validation, not population inference"
primary,n8_d25_s42,8,0.25,42,0.45,28,19.0,38.0,40,0.15625,True,0.9032258064516129,False,False,0,0.22899850144043496,"dense operational-lambda audit; exact retrospective validation, not population inference"
primary,n8_d25_s42,8,0.25,42,0.5,29,19.0,38.0,32,0.125,True,0.9354838709677419,False,False,0,0.20183541087495893,"dense operational-lambda audit; exact retrospective validation, not population inference"
primary,n8_d25_s42,8,0.25,42,0.55,30,19.0,38.0,16,0.0625,True,0.967741935483871,False,True,0,0.15544921006314602,"dense operational-lambda audit; exact retrospective validation, not population inference"
primary,n8_d25_s42,8,0.25,42,0.6,31,19.0,38.0,8,0.03125,True,1.0,False,False,0,0.11258713273540384,"dense operational-lambda audit; exact retrospective validation, not population inference"
primary,n8_d25_s42,8,0.25,42,0.65,32,19.0,38.0,0,0.0,False,1.032258064516129,False,False,,,"dense operational-lambda audit; exact retrospective validation, not population inference"
primary,n8_d25_s42,8,0.25,42,0.7,33,19.0,38.0,0,0.0,False,1.064516129032258,False,False,,,"dense operational-lambda audit; exact retrospective validation, not population inference"
primary,n8_d25_s42,8,0.25,42,0.75,34,19.0,38.0,0,0.0,False,1.096774193548387,False,False,,,"dense operational-lambda audit; exact retrospective validation, not population inference"
primary,n8_d25_s42,8,0.25,42,0.8,35,19.0,38.0,0,0.0,False,1.1290322580645162,False,False,,,"dense operational-lambda audit; exact retrospective validation, not population inference"
primary,n8_d25_s42,8,0.25,42,0.85,36,19.0,38.0,0,0.0,False,1.1612903225806452,False,False,,,"dense operational-lambda audit; exact retrospective validation, not population inference"
primary,n8_d25_s42,8,0.25,42,0.9,37,19.0,38.0,0,0.0,False,1.1935483870967742,False,False,,,"dense operational-lambda audit; exact retrospective validation, not population inference"
primary,n8_d25_s42,8,0.25,42,0.95,38,19.0,38.0,0,0.0,False,1.2258064516129032,False,False,,,"dense operational-lambda audit; exact retrospective validation, not population inference"
primary,n8_d25_s42,8,0.25,42,1.0,38,19.0,38.0,0,0.0,False,1.2258064516129032,False,False,,,"dense operational-lambda audit; exact retrospective validation, not population inference"
primary,n8_d50_s17,8,0.5,17,0.0,38,38.0,76.0,144,0.5625,True,0.6666666666666666,False,False,0,5.066238876777306,"dense operational-lambda audit; exact retrospective validation, not population inference"
primary,n8_d50_s17,8,0.5,17,0.05,40,38.0,76.0,126,0.4921875,True,0.7017543859649122,False,False,0,16.37298722009341,"dense operational-lambda audit; exact retrospective validation, not population inference"
primary,n8_d50_s17,8,0.5,17,0.1,42,38.0,76.0,112,0.4375,True,0.7368421052631579,False,False,0,1.8456025850209576,"dense operational-lambda audit; exact retrospective validation, not population inference"
primary,n8_d50_s17,8,0.5,17,0.15,44,38.0,76.0,96,0.375,True,0.7719298245614035,False,False,0,0.8292542470486605,"dense operational-lambda audit; exact retrospective validation, not population inference"
primary,n8_d50_s17,8,0.5,17,0.2,46,38.0,76.0,70,0.2734375,True,0.8070175438596491,False,False,0,0.3923549867877427,"dense operational-lambda audit; exact retrospective validation, not population inference"
primary,n8_d50_s17,8,0.5,17,0.25,48,38.0,76.0,50,0.1953125,True,0.8421052631578947,False,True,0,0.2626688574709228,"dense operational-lambda audit; exact retrospective validation, not population inference"
primary,n8_d50_s17,8,0.5,17,0.3,50,38.0,76.0,36,0.140625,True,0.8771929824561403,False,False,0,0.20805104083562753,"dense operational-lambda audit; exact retrospective validation, not population inference"
primary,n8_d50_s17,8,0.5,17,0.35,52,38.0,76.0,30,0.1171875,True,0.9122807017543859,False,False,0,0.1899294753026794,"dense operational-lambda audit; exact retrospective validation, not population inference"
primary,n8_d50_s17,8,0.5,17,0.4,54,38.0,76.0,16,0.0625,True,0.9473684210526315,False,True,0,0.15128870873184147,"dense operational-lambda audit; exact retrospective validation, not population inference"
primary,n8_d50_s17,8,0.5,17,0.45,56,38.0,76.0,8,0.03125,True,0.9824561403508771,False,False,0,0.11026401885319599,"dense operational-lambda audit; exact retrospective validation, not population inference"
primary,n8_d50_s17,8,0.5,17,0.5,57,38.0,76.0,4,0.015625,True,1.0,False,False,0,0.07882706097565684,"dense operational-lambda audit; exact retrospective validation, not population inference"
primary,n8_d50_s17,8,0.5,17,0.55,59,38.0,76.0,0,0.0,False,1.0350877192982457,False,True,,,"dense operational-lambda audit; exact retrospective validation, not population inference"
primary,n8_d50_s17,8,0.5,17,0.6,61,38.0,76.0,0,0.0,False,1.0701754385964912,False,False,,,"dense operational-lambda audit; exact retrospective validation, not population inference"
primary,n8_d50_s17,8,0.5,17,0.65,63,38.0,76.0,0,0.0,False,1.105263157894737,False,False,,,"dense operational-lambda audit; exact retrospective validation, not population inference"
primary,n8_d50_s17,8,0.5,17,0.7,65,38.0,76.0,0,0.0,False,1.1403508771929824,False,False,,,"dense operational-lambda audit; exact retrospective validation, not population inference"
primary,n8_d50_s17,8,0.5,17,0.75,67,38.0,76.0,0,0.0,False,1.1754385964912282,False,False,,,"dense operational-lambda audit; exact retrospective validation, not population inference"
primary,n8_d50_s17,8,0.5,17,0.8,69,38.0,76.0,0,0.0,False,1.2105263157894737,False,False,,,"dense operational-lambda audit; exact retrospective validation, not population inference"
primary,n8_d50_s17,8,0.5,17,0.85,71,38.0,76.0,0,0.0,False,1.2456140350877194,False,False,,,"dense operational-lambda audit; exact retrospective validation, not population inference"
primary,n8_d50_s17,8,0.5,17,0.9,73,38.0,76.0,0,0.0,False,1.280701754385965,False,False,,,"dense operational-lambda audit; exact retrospective validation, not population inference"
primary,n8_d50_s17,8,0.5,17,0.95,75,38.0,76.0,0,0.0,False,1.3157894736842106,False,False,,,"dense operational-lambda audit; exact retrospective validation, not population inference"
primary,n8_d50_s17,8,0.5,17,1.0,76,38.0,76.0,0,0.0,False,1.3333333333333333,False,False,,,"dense operational-lambda audit; exact retrospective validation, not population inference"
primary,n8_d50_s42,8,0.5,42,0.0,39,38.5,77.0,144,0.5625,True,0.65,False,False,0,5.066238876777306,"dense operational-lambda audit; exact retrospective validation, not population inference"
primary,n8_d50_s42,8,0.5,42,0.05,41,38.5,77.0,128,0.5,True,0.6833333333333333,False,False,0,1745552286675247.0,"dense operational-lambda audit; exact retrospective validation, not population inference"
primary,n8_d50_s42,8,0.5,42,0.1,43,38.5,77.0,112,0.4375,True,0.7166666666666667,False,False,0,1.8456025850209576,"dense operational-lambda audit; exact retrospective validation, not population inference"
primary,n8_d50_s42,8,0.5,42,0.15,45,38.5,77.0,84,0.328125,True,0.75,False,False,0,0.5602725708257418,"dense operational-lambda audit; exact retrospective validation, not population inference"
primary,n8_d50_s42,8,0.5,42,0.2,47,38.5,77.0,72,0.28125,True,0.7833333333333333,False,False,0,0.4108929040888628,"dense operational-lambda audit; exact retrospective validation, not population inference"
primary,n8_d50_s42,8,0.5,42,0.25,49,38.5,77.0,48,0.1875,True,0.8166666666666667,False,True,0,0.2535604332321867,"dense operational-lambda audit; exact retrospective validation, not population inference"
primary,n8_d50_s42,8,0.5,42,0.3,51,38.5,77.0,32,0.125,True,0.85,False,False,0,0.19568645194904916,"dense operational-lambda audit; exact retrospective validation, not population inference"
primary,n8_d50_s42,8,0.5,42,0.35,52,38.5,77.0,20,0.078125,True,0.8666666666666667,False,False,0,0.16473887250385857,"dense operational-lambda audit; exact retrospective validation, not population inference"
primary,n8_d50_s42,8,0.5,42,0.4,54,38.5,77.0,12,0.046875,True,0.9,False,True,0,0.1293488751366587,"dense operational-lambda audit; exact retrospective validation, not population inference"
primary,n8_d50_s42,8,0.5,42,0.45,56,38.5,77.0,8,0.03125,True,0.9333333333333333,False,False,0,0.11026401885319599,"dense operational-lambda audit; exact retrospective validation, not population inference"
primary,n8_d50_s42,8,0.5,42,0.5,58,38.5,77.0,4,0.015625,True,0.9666666666666667,False,False,0,0.07882706097565684,"dense operational-lambda audit; exact retrospective validation, not population inference"
primary,n8_d50_s42,8,0.5,42,0.55,60,38.5,77.0,4,0.015625,True,1.0,False,True,0,0.07882706097565684,"dense operational-lambda audit; exact retrospective validation, not population inference"
primary,n8_d50_s42,8,0.5,42,0.6,62,38.5,77.0,0,0.0,False,1.0333333333333334,False,False,,,"dense operational-lambda audit; exact retrospective validation, not population inference"
primary,n8_d50_s42,8,0.5,42,0.65,64,38.5,77.0,0,0.0,False,1.0666666666666667,False,False,,,"dense operational-lambda audit; exact retrospective validation, not population inference"
primary,n8_d50_s42,8,0.5,42,0.7,66,38.5,77.0,0,0.0,False,1.1,False,False,,,"dense operational-lambda audit; exact retrospective validation, not population inference"
primary,n8_d50_s42,8,0.5,42,0.75,68,38.5,77.0,0,0.0,False,1.1333333333333333,False,False,,,"dense operational-lambda audit; exact retrospective validation, not population inference"
primary,n8_d50_s42,8,0.5,42,0.8,70,38.5,77.0,0,0.0,False,1.1666666666666667,False,False,,,"dense operational-lambda audit; exact retrospective validation, not population inference"
primary,n8_d50_s42,8,0.5,42,0.85,72,38.5,77.0,0,0.0,False,1.2,False,False,,,"dense operational-lambda audit; exact retrospective validation, not population inference"
primary,n8_d50_s42,8,0.5,42,0.9,74,38.5,77.0,0,0.0,False,1.2333333333333334,False,False,,,"dense operational-lambda audit; exact retrospective validation, not population inference"
primary,n8_d50_s42,8,0.5,42,0.95,76,38.5,77.0,0,0.0,False,1.2666666666666666,False,False,,,"dense operational-lambda audit; exact retrospective validation, not population inference"
primary,n8_d50_s42,8,0.5,42,1.0,77,38.5,77.0,0,0.0,False,1.2833333333333334,False,False,,,"dense operational-lambda audit; exact retrospective validation, not population inference"
primary,n8_d75_s17,8,0.75,17,0.0,60,59.5,102.64161456720677,136,0.53125,True,0.6666666666666666,False,False,0,8.900217889348758,"dense operational-lambda audit; exact retrospective validation, not population inference"
primary,n8_d75_s17,8,0.75,17,0.05,62,59.5,102.64161456720677,120,0.46875,True,0.6888888888888889,False,False,0,3.8643261895694123,"dense operational-lambda audit; exact retrospective validation, not population inference"
primary,n8_d75_s17,8,0.75,17,0.1,64,59.5,102.64161456720677,114,0.4453125,True,0.7111111111111111,False,False,0,2.114172182397898,"dense operational-lambda audit; exact retrospective validation, not population inference"
primary,n8_d75_s17,8,0.75,17,0.15,66,59.5,102.64161456720677,102,0.3984375,True,0.7333333333333333,False,False,0,1.0489036174733628,"dense operational-lambda audit; exact retrospective validation, not population inference"
primary,n8_d75_s17,8,0.75,17,0.2,69,59.5,102.64161456720677,76,0.296875,True,0.7666666666666667,False,False,0,0.4477995267871668,"dense operational-lambda audit; exact retrospective validation, not population inference"
primary,n8_d75_s17,8,0.75,17,0.25,71,59.5,102.64161456720677,56,0.21875,True,0.7888888888888889,False,True,0,0.29052034966102064,"dense operational-lambda audit; exact retrospective validation, not population inference"
primary,n8_d75_s17,8,0.75,17,0.3,73,59.5,102.64161456720677,42,0.1640625,True,0.8111111111111111,False,False,0,0.2269728620979897,"dense operational-lambda audit; exact retrospective validation, not population inference"
primary,n8_d75_s17,8,0.75,17,0.35,75,59.5,102.64161456720677,32,0.125,True,0.8333333333333334,False,False,0,0.1940263647150051,"dense operational-lambda audit; exact retrospective validation, not population inference"
primary,n8_d75_s17,8,0.75,17,0.4,77,59.5,102.64161456720677,20,0.078125,True,0.8555555555555555,False,True,0,0.16345299186984058,"dense operational-lambda audit; exact retrospective validation, not population inference"
primary,n8_d75_s17,8,0.75,17,0.45,79,59.5,102.64161456720677,14,0.0546875,True,0.8777777777777778,False,False,0,0.13876310767798275,"dense operational-lambda audit; exact retrospective validation, not population inference"
primary,n8_d75_s17,8,0.75,17,0.5,82,59.5,102.64161456720677,6,0.0234375,True,0.9111111111111111,False,False,0,0.09457473425560356,"dense operational-lambda audit; exact retrospective validation, not population inference"
primary,n8_d75_s17,8,0.75,17,0.55,84,59.5,102.64161456720677,4,0.015625,True,0.9333333333333333,False,True,0,0.07857999395712646,"dense operational-lambda audit; exact retrospective validation, not population inference"
primary,n8_d75_s17,8,0.75,17,0.6,86,59.5,102.64161456720677,4,0.015625,True,0.9555555555555556,False,False,0,0.07857999395712646,"dense operational-lambda audit; exact retrospective validation, not population inference"
primary,n8_d75_s17,8,0.75,17,0.65,88,59.5,102.64161456720677,2,0.0078125,True,0.9777777777777777,False,False,0,0.05672385814077114,"dense operational-lambda audit; exact retrospective validation, not population inference"
primary,n8_d75_s17,8,0.75,17,0.7,90,59.5,102.64161456720677,2,0.0078125,True,1.0,False,False,0,0.05672385814077114,"dense operational-lambda audit; exact retrospective validation, not population inference"
primary,n8_d75_s17,8,0.75,17,0.75,92,59.5,102.64161456720677,0,0.0,False,1.0222222222222221,False,False,,,"dense operational-lambda audit; exact retrospective validation, not population inference"
primary,n8_d75_s17,8,0.75,17,0.8,95,59.5,102.64161456720677,0,0.0,False,1.0555555555555556,False,False,,,"dense operational-lambda audit; exact retrospective validation, not population inference"
primary,n8_d75_s17,8,0.75,17,0.85,97,59.5,102.64161456720677,0,0.0,False,1.0777777777777777,False,False,,,"dense operational-lambda audit; exact retrospective validation, not population inference"
primary,n8_d75_s17,8,0.75,17,0.9,99,59.5,102.64161456720677,0,0.0,False,1.1,False,False,,,"dense operational-lambda audit; exact retrospective validation, not population inference"
primary,n8_d75_s17,8,0.75,17,0.95,101,59.5,102.64161456720677,0,0.0,False,1.1222222222222222,False,False,,,"dense operational-lambda audit; exact retrospective validation, not population inference"
primary,n8_d75_s17,8,0.75,17,1.0,103,59.5,102.64161456720677,0,0.0,False,1.1444444444444444,False,False,,,"dense operational-lambda audit; exact retrospective validation, not population inference"
primary,n8_d75_s42,8,0.75,42,0.0,62,61.5,108.86391869310631,144,0.5625,True,0.6739130434782609,False,False,0,5.005685884320365,"dense operational-lambda audit; exact retrospective validation, not population inference"
primary,n8_d75_s42,8,0.75,42,0.05,64,61.5,108.86391869310631,134,0.5234375,True,0.6956521739130435,False,False,0,11.59239215754242,"dense operational-lambda audit; exact retrospective validation, not population inference"
primary,n8_d75_s42,8,0.75,42,0.1,67,61.5,108.86391869310631,104,0.40625,True,0.7282608695652174,False,False,0,1.1514168981409763,"dense operational-lambda audit; exact retrospective validation, not population inference"
primary,n8_d75_s42,8,0.75,42,0.15,69,61.5,108.86391869310631,88,0.34375,True,0.75,False,False,0,0.6243373786634528,"dense operational-lambda audit; exact retrospective validation, not population inference"
primary,n8_d75_s42,8,0.75,42,0.2,71,61.5,108.86391869310631,58,0.2265625,True,0.7717391304347826,False,False,0,0.30190047564974,"dense operational-lambda audit; exact retrospective validation, not population inference"
primary,n8_d75_s42,8,0.75,42,0.25,74,61.5,108.86391869310631,42,0.1640625,True,0.8043478260869565,False,True,0,0.2269728620979897,"dense operational-lambda audit; exact retrospective validation, not population inference"
primary,n8_d75_s42,8,0.75,42,0.3,76,61.5,108.86391869310631,30,0.1171875,True,0.8260869565217391,False,False,0,0.18833899928527614,"dense operational-lambda audit; exact retrospective validation, not population inference"
primary,n8_d75_s42,8,0.75,42,0.35,79,61.5,108.86391869310631,22,0.0859375,True,0.8586956521739131,False,False,0,0.1680036860775808,"dense operational-lambda audit; exact retrospective validation, not population inference"
primary,n8_d75_s42,8,0.75,42,0.4,81,61.5,108.86391869310631,14,0.0546875,True,0.8804347826086957,False,True,0,0.13876310767798275,"dense operational-lambda audit; exact retrospective validation, not population inference"
primary,n8_d75_s42,8,0.75,42,0.45,83,61.5,108.86391869310631,14,0.0546875,True,0.9021739130434783,False,False,0,0.13876310767798275,"dense operational-lambda audit; exact retrospective validation, not population inference"
primary,n8_d75_s42,8,0.75,42,0.5,86,61.5,108.86391869310631,10,0.0390625,True,0.9347826086956522,False,False,0,0.11920813791643846,"dense operational-lambda audit; exact retrospective validation, not population inference"
primary,n8_d75_s42,8,0.75,42,0.55,88,61.5,108.86391869310631,10,0.0390625,True,0.9565217391304348,False,True,0,0.11920813791643846,"dense operational-lambda audit; exact retrospective validation, not population inference"
primary,n8_d75_s42,8,0.75,42,0.6,90,61.5,108.86391869310631,2,0.0078125,True,0.9782608695652174,False,False,0,0.05672385814077114,"dense operational-lambda audit; exact retrospective validation, not population inference"
primary,n8_d75_s42,8,0.75,42,0.65,93,61.5,108.86391869310631,0,0.0,False,1.0108695652173914,False,False,,,"dense operational-lambda audit; exact retrospective validation, not population inference"
primary,n8_d75_s42,8,0.75,42,0.7,95,61.5,108.86391869310631,0,0.0,False,1.0326086956521738,False,False,,,"dense operational-lambda audit; exact retrospective validation, not population inference"
primary,n8_d75_s42,8,0.75,42,0.75,98,61.5,108.86391869310631,0,0.0,False,1.065217391304348,False,False,,,"dense operational-lambda audit; exact retrospective validation, not population inference"
primary,n8_d75_s42,8,0.75,42,0.8,100,61.5,108.86391869310631,0,0.0,False,1.0869565217391304,False,False,,,"dense operational-lambda audit; exact retrospective validation, not population inference"
primary,n8_d75_s42,8,0.75,42,0.85,102,61.5,108.86391869310631,0,0.0,False,1.108695652173913,False,False,,,"dense operational-lambda audit; exact retrospective validation, not population inference"
primary,n8_d75_s42,8,0.75,42,0.9,105,61.5,108.86391869310631,0,0.0,False,1.141304347826087,False,False,,,"dense operational-lambda audit; exact retrospective validation, not population inference"
primary,n8_d75_s42,8,0.75,42,0.95,107,61.5,108.86391869310631,0,0.0,False,1.1630434782608696,False,False,,,"dense operational-lambda audit; exact retrospective validation, not population inference"
primary,n8_d75_s42,8,0.75,42,1.0,109,61.5,108.86391869310631,0,0.0,False,1.184782608695652,False,False,,,"dense operational-lambda audit; exact retrospective validation, not population inference"
primary,n10_d25_s17,10,0.25,17,0.0,30,29.5,59.0,512,0.5,True,0.5084745762711864,False,False,0,1803519608260873.0,"dense operational-lambda audit; exact retrospective validation, not population inference"
primary,n10_d25_s17,10,0.25,17,0.05,31,29.5,59.0,488,0.4765625,True,0.5254237288135594,False,False,0,5.467168960878846,"dense operational-lambda audit; exact retrospective validation, not population inference"
primary,n10_d25_s17,10,0.25,17,0.1,33,29.5,59.0,380,0.37109375,True,0.559322033898305,False,False,0,0.8237834344776691,"dense operational-lambda audit; exact retrospective validation, not population inference"
primary,n10_d25_s17,10,0.25,17,0.15,34,29.5,59.0,308,0.30078125,True,0.576271186440678,False,False,0,0.47768812320339354,"dense operational-lambda audit; exact retrospective validation, not population inference"
primary,n10_d25_s17,10,0.25,17,0.2,36,29.5,59.0,232,0.2265625,True,0.6101694915254238,False,False,0,0.3132066893036388,"dense operational-lambda audit; exact retrospective validation, not population inference"
primary,n10_d25_s17,10,0.25,17,0.25,37,29.5,59.0,220,0.21484375,True,0.6271186440677966,False,True,0,0.2956210253280535,"dense operational-lambda audit; exact retrospective validation, not population inference"
primary,n10_d25_s17,10,0.25,17,0.3,39,29.5,59.0,172,0.16796875,True,0.6610169491525424,False,False,0,0.2387906917591848,"dense operational-lambda audit; exact retrospective validation, not population inference"
primary,n10_d25_s17,10,0.25,17,0.35,40,29.5,59.0,124,0.12109375,True,0.6779661016949152,False,False,0,0.19737732571470146,"dense operational-lambda audit; exact retrospective validation, not population inference"
primary,n10_d25_s17,10,0.25,17,0.4,42,29.5,59.0,88,0.0859375,True,0.711864406779661,False,True,0,0.17317010662381196,"dense operational-lambda audit; exact retrospective validation, not population inference"
primary,n10_d25_s17,10,0.25,17,0.45,43,29.5,59.0,88,0.0859375,True,0.7288135593220338,False,False,0,0.17317010662381196,"dense operational-lambda audit; exact retrospective validation, not population inference"
primary,n10_d25_s17,10,0.25,17,0.5,45,29.5,59.0,68,0.06640625,True,0.7627118644067796,False,False,0,0.1609730280981697,"dense operational-lambda audit; exact retrospective validation, not population inference"
primary,n10_d25_s17,10,0.25,17,0.55,46,29.5,59.0,52,0.05078125,True,0.7796610169491526,False,True,0,0.13707912623335175,"dense operational-lambda audit; exact retrospective validation, not population inference"
primary,n10_d25_s17,10,0.25,17,0.6,48,29.5,59.0,32,0.03125,True,0.8135593220338984,False,False,0,0.11212685537298593,"dense operational-lambda audit; exact retrospective validation, not population inference"
primary,n10_d25_s17,10,0.25,17,0.65,49,29.5,59.0,32,0.03125,True,0.8305084745762712,False,False,0,0.11212685537298593,"dense operational-lambda audit; exact retrospective validation, not population inference"
primary,n10_d25_s17,10,0.25,17,0.7,51,29.5,59.0,20,0.01953125,True,0.864406779661017,False,False,0,0.08952282505248987,"dense operational-lambda audit; exact retrospective validation, not population inference"
primary,n10_d25_s17,10,0.25,17,0.75,52,29.5,59.0,12,0.01171875,True,0.8813559322033898,False,False,0,0.06965407869595366,"dense operational-lambda audit; exact retrospective validation, not population inference"
primary,n10_d25_s17,10,0.25,17,0.8,54,29.5,59.0,8,0.0078125,True,0.9152542372881356,False,False,0,0.05678757889283992,"dense operational-lambda audit; exact retrospective validation, not population inference"
primary,n10_d25_s17,10,0.25,17,0.85,55,29.5,59.0,8,0.0078125,True,0.9322033898305084,False,False,0,0.05678757889283992,"dense operational-lambda audit; exact retrospective validation, not population inference"
primary,n10_d25_s17,10,0.25,17,0.9,57,29.5,59.0,8,0.0078125,True,0.9661016949152542,False,False,0,0.05678757889283992,"dense operational-lambda audit; exact retrospective validation, not population inference"
primary,n10_d25_s17,10,0.25,17,0.95,58,29.5,59.0,4,0.00390625,True,0.9830508474576272,False,False,0,0.03988970117217614,"dense operational-lambda audit; exact retrospective validation, not population inference"
primary,n10_d25_s17,10,0.25,17,1.0,59,29.5,59.0,4,0.00390625,True,1.0,False,False,0,0.03988970117217614,"dense operational-lambda audit; exact retrospective validation, not population inference"
primary,n10_d25_s42,10,0.25,42,0.0,28,27.5,55.0,528,0.515625,True,0.56,False,False,0,17.80313760380067,"dense operational-lambda audit; exact retrospective validation, not population inference"
primary,n10_d25_s42,10,0.25,42,0.05,29,27.5,55.0,488,0.4765625,True,0.58,False,False,0,5.467168960878846,"dense operational-lambda audit; exact retrospective validation, not population inference"
primary,n10_d25_s42,10,0.25,42,0.1,31,27.5,55.0,396,0.38671875,True,0.62,False,False,0,0.9619893075280241,"dense operational-lambda audit; exact retrospective validation, not population inference"
primary,n10_d25_s42,10,0.25,42,0.15,32,27.5,55.0,336,0.328125,True,0.64,False,False,0,0.5770795546206385,"dense operational-lambda audit; exact retrospective validation, not population inference"
primary,n10_d25_s42,10,0.25,42,0.2,33,27.5,55.0,304,0.296875,True,0.66,False,False,0,0.4657958932927594,"dense operational-lambda audit; exact retrospective validation, not population inference"
primary,n10_d25_s42,10,0.25,42,0.25,35,27.5,55.0,228,0.22265625,True,0.7,False,True,0,0.30716403154895033,"dense operational-lambda audit; exact retrospective validation, not population inference"
primary,n10_d25_s42,10,0.25,42,0.3,36,27.5,55.0,208,0.203125,True,0.72,False,False,0,0.279552030194707,"dense operational-lambda audit; exact retrospective validation, not population inference"
primary,n10_d25_s42,10,0.25,42,0.35,38,27.5,55.0,160,0.15625,True,0.76,False,False,0,0.22724810438976759,"dense operational-lambda audit; exact retrospective validation, not population inference"
primary,n10_d25_s42,10,0.25,42,0.4,39,27.5,55.0,128,0.125,True,0.78,False,True,0,0.20038604660418283,"dense operational-lambda audit; exact retrospective validation, not population inference"
primary,n10_d25_s42,10,0.25,42,0.45,40,27.5,55.0,96,0.09375,True,0.8,False,False,0,0.17813893528982083,"dense operational-lambda audit; exact retrospective validation, not population inference"
primary,n10_d25_s42,10,0.25,42,0.5,42,27.5,55.0,64,0.0625,True,0.84,False,False,0,0.15451391715495352,"dense operational-lambda audit; exact retrospective validation, not population inference"
primary,n10_d25_s42,10,0.25,42,0.55,43,27.5,55.0,40,0.0390625,True,0.86,False,True,0,0.12213705470143726,"dense operational-lambda audit; exact retrospective validation, not population inference"
primary,n10_d25_s42,10,0.25,42,0.6,44,27.5,55.0,36,0.03515625,True,0.88,False,False,0,0.1176310550418689,"dense operational-lambda audit; exact retrospective validation, not population inference"
primary,n10_d25_s42,10,0.25,42,0.65,46,27.5,55.0,28,0.02734375,True,0.92,False,False,0,0.1038818620287338,"dense operational-lambda audit; exact retrospective validation, not population inference"
primary,n10_d25_s42,10,0.25,42,0.7,47,27.5,55.0,16,0.015625,True,0.94,False,False,0,0.07964592060579882,"dense operational-lambda audit; exact retrospective validation, not population inference"
primary,n10_d25_s42,10,0.25,42,0.75,49,27.5,55.0,8,0.0078125,True,0.98,False,False,0,0.05678757889283992,"dense operational-lambda audit; exact retrospective validation, not population inference"
primary,n10_d25_s42,10,0.25,42,0.8,50,27.5,55.0,8,0.0078125,True,1.0,False,False,0,0.05678757889283992,"dense operational-lambda audit; exact retrospective validation, not population inference"
primary,n10_d25_s42,10,0.25,42,0.85,51,27.5,55.0,0,0.0,False,1.02,False,False,,,"dense operational-lambda audit; exact retrospective validation, not population inference"
primary,n10_d25_s42,10,0.25,42,0.9,53,27.5,55.0,0,0.0,False,1.06,False,False,,,"dense operational-lambda audit; exact retrospective validation, not population inference"
primary,n10_d25_s42,10,0.25,42,0.95,54,27.5,55.0,0,0.0,False,1.08,False,False,,,"dense operational-lambda audit; exact retrospective validation, not population inference"
primary,n10_d25_s42,10,0.25,42,1.0,55,27.5,55.0,0,0.0,False,1.1,False,False,,,"dense operational-lambda audit; exact retrospective validation, not population inference"
primary,n10_d50_s17,10,0.5,17,0.0,45,44.5,89.0,564,0.55078125,True,0.6428571428571429,False,False,0,5.903373423628704,"dense operational-lambda audit; exact retrospective validation, not population inference"
primary,n10_d50_s17,10,0.5,17,0.05,47,44.5,89.0,490,0.478515625,True,0.6714285714285714,False,False,0,5.761891317083246,"dense operational-lambda audit; exact retrospective validation, not population inference"
primary,n10_d50_s17,10,0.5,17,0.1,49,44.5,89.0,420,0.41015625,True,0.7,False,False,0,1.2166799215695878,"dense operational-lambda audit; exact retrospective validation, not population inference"
primary,n10_d50_s17,10,0.5,17,0.15,52,44.5,89.0,298,0.291015625,True,0.7428571428571429,False,False,0,0.43395638774222445,"dense operational-lambda audit; exact retrospective validation, not population inference"
primary,n10_d50_s17,10,0.5,17,0.2,54,44.5,89.0,220,0.21484375,True,0.7714285714285715,False,False,0,0.286547556139619,"dense operational-lambda audit; exact retrospective validation, not population inference"
primary,n10_d50_s17,10,0.5,17,0.25,56,44.5,89.0,162,0.158203125,True,0.8,False,True,0,0.22256081243006967,"dense operational-lambda audit; exact retrospective validation, not population inference"
primary,n10_d50_s17,10,0.5,17,0.3,58,44.5,89.0,104,0.1015625,True,0.8285714285714286,False,False,0,0.1785176158953959,"dense operational-lambda audit; exact retrospective validation, not population inference"
primary,n10_d50_s17,10,0.5,17,0.35,61,44.5,89.0,58,0.056640625,True,0.8714285714285714,False,False,0,0.14207750465922966,"dense operational-lambda audit; exact retrospective validation, not population inference"
primary,n10_d50_s17,10,0.5,17,0.4,63,44.5,89.0,28,0.02734375,True,0.9,False,True,0,0.10208386698917007,"dense operational-lambda audit; exact retrospective validation, not population inference"
primary,n10_d50_s17,10,0.5,17,0.45,65,44.5,89.0,20,0.01953125,True,0.9285714285714286,False,False,0,0.08826967854843508,"dense operational-lambda audit; exact retrospective validation, not population inference"
primary,n10_d50_s17,10,0.5,17,0.5,67,44.5,89.0,12,0.01171875,True,0.9571428571428572,False,False,0,0.06915484468426637,"dense operational-lambda audit; exact retrospective validation, not population inference"
primary,n10_d50_s17,10,0.5,17,0.55,69,44.5,89.0,4,0.00390625,True,0.9857142857142858,False,True,0,0.04051986584725282,"dense operational-lambda audit; exact retrospective validation, not population inference"
primary,n10_d50_s17,10,0.5,17,0.6,72,44.5,89.0,0,0.0,False,1.0285714285714285,False,False,,,"dense operational-lambda audit; exact retrospective validation, not population inference"
primary,n10_d50_s17,10,0.5,17,0.65,74,44.5,89.0,0,0.0,False,1.0571428571428572,False,False,,,"dense operational-lambda audit; exact retrospective validation, not population inference"
primary,n10_d50_s17,10,0.5,17,0.7,76,44.5,89.0,0,0.0,False,1.0857142857142856,False,False,,,"dense operational-lambda audit; exact retrospective validation, not population inference"
primary,n10_d50_s17,10,0.5,17,0.75,78,44.5,89.0,0,0.0,False,1.1142857142857143,False,False,,,"dense operational-lambda audit; exact retrospective validation, not population inference"
primary,n10_d50_s17,10,0.5,17,0.8,81,44.5,89.0,0,0.0,False,1.1571428571428573,False,False,,,"dense operational-lambda audit; exact retrospective validation, not population inference"
primary,n10_d50_s17,10,0.5,17,0.85,83,44.5,89.0,0,0.0,False,1.1857142857142857,False,False,,,"dense operational-lambda audit; exact retrospective validation, not population inference"
primary,n10_d50_s17,10,0.5,17,0.9,85,44.5,89.0,0,0.0,False,1.2142857142857142,False,False,,,"dense operational-lambda audit; exact retrospective validation, not population inference"
primary,n10_d50_s17,10,0.5,17,0.95,87,44.5,89.0,0,0.0,False,1.2428571428571429,False,False,,,"dense operational-lambda audit; exact retrospective validation, not population inference"
primary,n10_d50_s17,10,0.5,17,1.0,89,44.5,89.0,0,0.0,False,1.2714285714285714,False,False,,,"dense operational-lambda audit; exact retrospective validation, not population inference"
primary,n10_d50_s42,10,0.5,42,0.0,54,53.5,107.0,514,0.501953125,True,0.5869565217391305,False,False,0,132.77631507375094,"dense operational-lambda audit; exact retrospective validation, not population inference"
primary,n10_d50_s42,10,0.5,42,0.05,57,53.5,107.0,424,0.4140625,True,0.6195652173913043,False,False,0,1.280561820115208,"dense operational-lambda audit; exact retrospective validation, not population inference"
primary,n10_d50_s42,10,0.5,42,0.1,59,53.5,107.0,348,0.33984375,True,0.6413043478260869,False,False,0,0.6088965360556927,"dense operational-lambda audit; exact retrospective validation, not population inference"
primary,n10_d50_s42,10,0.5,42,0.15,62,53.5,107.0,244,0.23828125,True,0.6739130434782609,False,False,0,0.32204590454773213,"dense operational-lambda audit; exact retrospective validation, not population inference"
primary,n10_d50_s42,10,0.5,42,0.2,65,53.5,107.0,176,0.171875,True,0.7065217391304348,False,False,0,0.23577209042994332,"dense operational-lambda audit; exact retrospective validation, not population inference"
primary,n10_d50_s42,10,0.5,42,0.25,67,53.5,107.0,144,0.140625,True,0.7282608695652174,False,True,0,0.20721668371362006,"dense operational-lambda audit; exact retrospective validation, not population inference"
primary,n10_d50_s42,10,0.5,42,0.3,70,53.5,107.0,114,0.111328125,True,0.7608695652173914,False,False,0,0.18508229305243085,"dense operational-lambda audit; exact retrospective validation, not population inference"
primary,n10_d50_s42,10,0.5,42,0.35,73,53.5,107.0,70,0.068359375,True,0.7934782608695652,False,False,0,0.1587065515945856,"dense operational-lambda audit; exact retrospective validation, not population inference"
primary,n10_d50_s42,10,0.5,42,0.4,75,53.5,107.0,48,0.046875,True,0.8152173913043478,False,True,0,0.12898642769911478,"dense operational-lambda audit; exact retrospective validation, not population inference"
primary,n10_d50_s42,10,0.5,42,0.45,78,53.5,107.0,28,0.02734375,True,0.8478260869565217,False,False,0,0.10208386698917007,"dense operational-lambda audit; exact retrospective validation, not population inference"
primary,n10_d50_s42,10,0.5,42,0.5,81,53.5,107.0,10,0.009765625,True,0.8804347826086957,False,False,0,0.06318951450720539,"dense operational-lambda audit; exact retrospective validation, not population inference"
primary,n10_d50_s42,10,0.5,42,0.55,83,53.5,107.0,4,0.00390625,True,0.9021739130434783,False,True,0,0.04051986584725282,"dense operational-lambda audit; exact retrospective validation, not population inference"
primary,n10_d50_s42,10,0.5,42,0.6,86,53.5,107.0,4,0.00390625,True,0.9347826086956522,False,False,0,0.04051986584725282,"dense operational-lambda audit; exact retrospective validation, not population inference"
primary,n10_d50_s42,10,0.5,42,0.65,89,53.5,107.0,4,0.00390625,True,0.967391304347826,False,False,0,0.04051986584725282,"dense operational-lambda audit; exact retrospective validation, not population inference"
primary,n10_d50_s42,10,0.5,42,0.7,91,53.5,107.0,2,0.001953125,True,0.9891304347826086,False,False,0,0.02852655423041102,"dense operational-lambda audit; exact retrospective validation, not population inference"
primary,n10_d50_s42,10,0.5,42,0.75,94,53.5,107.0,0,0.0,False,1.0217391304347827,False,False,,,"dense operational-lambda audit; exact retrospective validation, not population inference"
primary,n10_d50_s42,10,0.5,42,0.8,97,53.5,107.0,0,0.0,False,1.0543478260869565,False,False,,,"dense operational-lambda audit; exact retrospective validation, not population inference"
primary,n10_d50_s42,10,0.5,42,0.85,99,53.5,107.0,0,0.0,False,1.076086956521739,False,False,,,"dense operational-lambda audit; exact retrospective validation, not population inference"
primary,n10_d50_s42,10,0.5,42,0.9,102,53.5,107.0,0,0.0,False,1.108695652173913,False,False,,,"dense operational-lambda audit; exact retrospective validation, not population inference"
primary,n10_d50_s42,10,0.5,42,0.95,105,53.5,107.0,0,0.0,False,1.141304347826087,False,False,,,"dense operational-lambda audit; exact retrospective validation, not population inference"
primary,n10_d50_s42,10,0.5,42,1.0,107,53.5,107.0,0,0.0,False,1.1630434782608696,False,False,,,"dense operational-lambda audit; exact retrospective validation, not population inference"
primary,n10_d75_s17,10,0.75,17,0.0,81,81.0,160.1701316073504,598,0.583984375,True,0.7043478260869566,False,False,0,4.109028081331921,"dense operational-lambda audit; exact retrospective validation, not population inference"
primary,n10_d75_s17,10,0.75,17,0.05,85,81.0,160.1701316073504,472,0.4609375,True,0.7391304347826086,False,False,0,3.0239327428238636,"dense operational-lambda audit; exact retrospective validation, not population inference"
primary,n10_d75_s17,10,0.75,17,0.1,89,81.0,160.1701316073504,326,0.318359375,True,0.7739130434782608,False,False,0,0.51338491052593,"dense operational-lambda audit; exact retrospective validation, not population inference"
primary,n10_d75_s17,10,0.75,17,0.15,93,81.0,160.1701316073504,242,0.236328125,True,0.808695652173913,False,False,0,0.31525845148503556,"dense operational-lambda audit; exact retrospective validation, not population inference"
primary,n10_d75_s17,10,0.75,17,0.2,97,81.0,160.1701316073504,164,0.16015625,True,0.8434782608695652,False,False,0,0.2220937166416628,"dense operational-lambda audit; exact retrospective validation, not population inference"
primary,n10_d75_s17,10,0.75,17,0.25,101,81.0,160.1701316073504,100,0.09765625,True,0.8782608695652174,False,True,0,0.17436860847842353,"dense operational-lambda audit; exact retrospective validation, not population inference"
primary,n10_d75_s17,10,0.75,17,0.3,105,81.0,160.1701316073504,36,0.03515625,True,0.9130434782608695,False,False,0,0.11451191144730644,"dense operational-lambda audit; exact retrospective validation, not population inference"
primary,n10_d75_s17,10,0.75,17,0.35,109,81.0,160.1701316073504,10,0.009765625,True,0.9478260869565217,False,False,0,0.06309854790179616,"dense operational-lambda audit; exact retrospective validation, not population inference"
primary,n10_d75_s17,10,0.75,17,0.4,113,81.0,160.1701316073504,6,0.005859375,True,0.9826086956521739,False,True,0,0.04947724073583385,"dense operational-lambda audit; exact retrospective validation, not population inference"
primary,n10_d75_s17,10,0.75,17,0.45,117,81.0,160.1701316073504,0,0.0,False,1.017391304347826,False,False,,,"dense operational-lambda audit; exact retrospective validation, not population inference"
primary,n10_d75_s17,10,0.75,17,0.5,121,81.0,160.1701316073504,0,0.0,False,1.0521739130434782,False,False,,,"dense operational-lambda audit; exact retrospective validation, not population inference"
primary,n10_d75_s17,10,0.75,17,0.55,125,81.0,160.1701316073504,0,0.0,False,1.0869565217391304,False,True,,,"dense operational-lambda audit; exact retrospective validation, not population inference"
primary,n10_d75_s17,10,0.75,17,0.6,129,81.0,160.1701316073504,0,0.0,False,1.1217391304347826,False,False,,,"dense operational-lambda audit; exact retrospective validation, not population inference"
primary,n10_d75_s17,10,0.75,17,0.65,133,81.0,160.1701316073504,0,0.0,False,1.1565217391304348,False,False,,,"dense operational-lambda audit; exact retrospective validation, not population inference"
primary,n10_d75_s17,10,0.75,17,0.7,137,81.0,160.1701316073504,0,0.0,False,1.191304347826087,False,False,,,"dense operational-lambda audit; exact retrospective validation, not population inference"
primary,n10_d75_s17,10,0.75,17,0.75,141,81.0,160.1701316073504,0,0.0,False,1.2260869565217392,False,False,,,"dense operational-lambda audit; exact retrospective validation, not population inference"
primary,n10_d75_s17,10,0.75,17,0.8,145,81.0,160.1701316073504,0,0.0,False,1.2608695652173914,False,False,,,"dense operational-lambda audit; exact retrospective validation, not population inference"
primary,n10_d75_s17,10,0.75,17,0.85,149,81.0,160.1701316073504,0,0.0,False,1.2956521739130435,False,False,,,"dense operational-lambda audit; exact retrospective validation, not population inference"
primary,n10_d75_s17,10,0.75,17,0.9,153,81.0,160.1701316073504,0,0.0,False,1.3304347826086957,False,False,,,"dense operational-lambda audit; exact retrospective validation, not population inference"
primary,n10_d75_s17,10,0.75,17,0.95,157,81.0,160.1701316073504,0,0.0,False,1.3652173913043477,False,False,,,"dense operational-lambda audit; exact retrospective validation, not population inference"
primary,n10_d75_s17,10,0.75,17,1.0,161,81.0,160.1701316073504,0,0.0,False,1.4,False,False,,,"dense operational-lambda audit; exact retrospective validation, not population inference"
primary,n10_d75_s42,10,0.75,42,0.0,91,91.0,150.02546287691598,596,0.58203125,True,0.6791044776119403,False,False,0,4.162873829914101,"dense operational-lambda audit; exact retrospective validation, not population inference"
primary,n10_d75_s42,10,0.75,42,0.05,94,91.0,150.02546287691598,506,0.494140625,True,0.7014925373134329,False,False,0,21.489376768267906,"dense operational-lambda audit; exact retrospective validation, not population inference"
primary,n10_d75_s42,10,0.75,42,0.1,97,91.0,150.02546287691598,436,0.42578125,True,0.7238805970149254,False,False,0,1.4935541729104227,"dense operational-lambda audit; exact retrospective validation, not population inference"
primary,n10_d75_s42,10,0.75,42,0.15,100,91.0,150.02546287691598,324,0.31640625,True,0.746268656716418,False,False,0,0.5064575756907379,"dense operational-lambda audit; exact retrospective validation, not population inference"
primary,n10_d75_s42,10,0.75,42,0.2,103,91.0,150.02546287691598,270,0.263671875,True,0.7686567164179104,False,False,0,0.3649665874301713,"dense operational-lambda audit; exact retrospective validation, not population inference"
primary,n10_d75_s42,10,0.75,42,0.25,106,91.0,150.02546287691598,180,0.17578125,True,0.7910447761194029,False,True,0,0.237283959979376,"dense operational-lambda audit; exact retrospective validation, not population inference"
primary,n10_d75_s42,10,0.75,42,0.3,109,91.0,150.02546287691598,132,0.12890625,True,0.8134328358208955,False,False,0,0.19596775795310564,"dense operational-lambda audit; exact retrospective validation, not population inference"
primary,n10_d75_s42,10,0.75,42,0.35,112,91.0,150.02546287691598,88,0.0859375,True,0.835820895522388,False,False,0,0.16721727609049333,"dense operational-lambda audit; exact retrospective validation, not population inference"
primary,n10_d75_s42,10,0.75,42,0.4,115,91.0,150.02546287691598,60,0.05859375,True,0.8582089552238806,False,True,0,0.1437046876717281,"dense operational-lambda audit; exact retrospective validation, not population inference"
primary,n10_d75_s42,10,0.75,42,0.45,118,91.0,150.02546287691598,38,0.037109375,True,0.8805970149253731,False,False,0,0.11662385887982604,"dense operational-lambda audit; exact retrospective validation, not population inference"
primary,n10_d75_s42,10,0.75,42,0.5,121,91.0,150.02546287691598,18,0.017578125,True,0.9029850746268657,False,False,0,0.08332986900741361,"dense operational-lambda audit; exact retrospective validation, not population inference"
primary,n10_d75_s42,10,0.75,42,0.55,124,91.0,150.02546287691598,10,0.009765625,True,0.9253731343283582,False,True,0,0.06309854790179616,"dense operational-lambda audit; exact retrospective validation, not population inference"
primary,n10_d75_s42,10,0.75,42,0.6,127,91.0,150.02546287691598,4,0.00390625,True,0.9477611940298507,False,False,0,0.0407370397696393,"dense operational-lambda audit; exact retrospective validation, not population inference"
primary,n10_d75_s42,10,0.75,42,0.65,130,91.0,150.02546287691598,2,0.001953125,True,0.9701492537313433,False,False,0,0.02890674900182198,"dense operational-lambda audit; exact retrospective validation, not population inference"
primary,n10_d75_s42,10,0.75,42,0.7,133,91.0,150.02546287691598,2,0.001953125,True,0.9925373134328358,False,False,0,0.02890674900182198,"dense operational-lambda audit; exact retrospective validation, not population inference"
primary,n10_d75_s42,10,0.75,42,0.75,136,91.0,150.02546287691598,0,0.0,False,1.0149253731343284,False,False,,,"dense operational-lambda audit; exact retrospective validation, not population inference"
primary,n10_d75_s42,10,0.75,42,0.8,139,91.0,150.02546287691598,0,0.0,False,1.037313432835821,False,False,,,"dense operational-lambda audit; exact retrospective validation, not population inference"
primary,n10_d75_s42,10,0.75,42,0.85,142,91.0,150.02546287691598,0,0.0,False,1.0597014925373134,False,False,,,"dense operational-lambda audit; exact retrospective validation, not population inference"
primary,n10_d75_s42,10,0.75,42,0.9,145,91.0,150.02546287691598,0,0.0,False,1.0820895522388059,False,False,,,"dense operational-lambda audit; exact retrospective validation, not population inference"
primary,n10_d75_s42,10,0.75,42,0.95,148,91.0,150.02546287691598,0,0.0,False,1.1044776119402986,False,False,,,"dense operational-lambda audit; exact retrospective validation, not population inference"
primary,n10_d75_s42,10,0.75,42,1.0,151,91.0,150.02546287691598,0,0.0,False,1.126865671641791,False,False,,,"dense operational-lambda audit; exact retrospective validation, not population inference"
primary,n12_d25_s17,12,0.25,17,0.0,44,43.5,87.0,2072,0.505859375,True,0.5432098765432098,False,False,0,45.57417571014239,"dense operational-lambda audit; exact retrospective validation, not population inference"
primary,n12_d25_s17,12,0.25,17,0.05,46,43.5,87.0,1824,0.4453125,True,0.5679012345679012,False,False,0,2.170877436322276,"dense operational-lambda audit; exact retrospective validation, not population inference"
primary,n12_d25_s17,12,0.25,17,0.1,48,43.5,87.0,1516,0.3701171875,True,0.5925925925925926,False,False,0,0.8030162297545554,"dense operational-lambda audit; exact retrospective validation, not population inference"
primary,n12_d25_s17,12,0.25,17,0.15,51,43.5,87.0,1176,0.287109375,True,0.6296296296296297,False,False,0,0.4314638732080029,"dense operational-lambda audit; exact retrospective validation, not population inference"
primary,n12_d25_s17,12,0.25,17,0.2,53,43.5,87.0,916,0.2236328125,True,0.654320987654321,False,False,0,0.3042979079535509,"dense operational-lambda audit; exact retrospective validation, not population inference"
primary,n12_d25_s17,12,0.25,17,0.25,55,43.5,87.0,772,0.1884765625,True,0.6790123456790124,False,True,0,0.2578010690162743,"dense operational-lambda audit; exact retrospective validation, not population inference"
primary,n12_d25_s17,12,0.25,17,0.3,57,43.5,87.0,552,0.134765625,True,0.7037037037037037,False,False,0,0.20562952215823677,"dense operational-lambda audit; exact retrospective validation, not population inference"
primary,n12_d25_s17,12,0.25,17,0.35,59,43.5,87.0,440,0.107421875,True,0.7283950617283951,False,False,0,0.18514728787298573,"dense operational-lambda audit; exact retrospective validation, not population inference"
primary,n12_d25_s17,12,0.25,17,0.4,61,43.5,87.0,300,0.0732421875,True,0.7530864197530864,False,True,0,0.1636895219593922,"dense operational-lambda audit; exact retrospective validation, not population inference"
primary,n12_d25_s17,12,0.25,17,0.45,64,43.5,87.0,200,0.048828125,True,0.7901234567901234,False,False,0,0.1331272928248956,"dense operational-lambda audit; exact retrospective validation, not population inference"
primary,n12_d25_s17,12,0.25,17,0.5,66,43.5,87.0,116,0.0283203125,True,0.8148148148148148,False,False,0,0.10507011413989191,"dense operational-lambda audit; exact retrospective validation, not population inference"
primary,n12_d25_s17,12,0.25,17,0.55,68,43.5,87.0,92,0.0224609375,True,0.8395061728395061,False,True,0,0.09399991615870262,"dense operational-lambda audit; exact retrospective validation, not population inference"
primary,n12_d25_s17,12,0.25,17,0.6,70,43.5,87.0,48,0.01171875,True,0.8641975308641975,False,False,0,0.0694891922948757,"dense operational-lambda audit; exact retrospective validation, not population inference"
primary,n12_d25_s17,12,0.25,17,0.65,72,43.5,87.0,36,0.0087890625,True,0.8888888888888888,False,False,0,0.060590196839159255,"dense operational-lambda audit; exact retrospective validation, not population inference"
primary,n12_d25_s17,12,0.25,17,0.7,74,43.5,87.0,28,0.0068359375,True,0.9135802469135802,False,False,0,0.05332094531037741,"dense operational-lambda audit; exact retrospective validation, not population inference"
primary,n12_d25_s17,12,0.25,17,0.75,77,43.5,87.0,16,0.00390625,True,0.9506172839506173,False,False,0,0.04024716641929878,"dense operational-lambda audit; exact retrospective validation, not population inference"
primary,n12_d25_s17,12,0.25,17,0.8,79,43.5,87.0,4,0.0009765625,True,0.9753086419753086,False,False,0,0.019112619894559493,"dense operational-lambda audit; exact retrospective validation, not population inference"
primary,n12_d25_s17,12,0.25,17,0.85,81,43.5,87.0,4,0.0009765625,True,1.0,False,False,0,0.019112619894559493,"dense operational-lambda audit; exact retrospective validation, not population inference"
primary,n12_d25_s17,12,0.25,17,0.9,83,43.5,87.0,0,0.0,False,1.0246913580246915,False,False,,,"dense operational-lambda audit; exact retrospective validation, not population inference"
primary,n12_d25_s17,12,0.25,17,0.95,85,43.5,87.0,0,0.0,False,1.0493827160493827,False,False,,,"dense operational-lambda audit; exact retrospective validation, not population inference"
primary,n12_d25_s17,12,0.25,17,1.0,87,43.5,87.0,0,0.0,False,1.0740740740740742,False,False,,,"dense operational-lambda audit; exact retrospective validation, not population inference"
primary,n12_d25_s42,12,0.25,42,0.0,33,32.5,65.0,2062,0.50341796875,True,0.532258064516129,False,False,0,77.71702288669688,"dense operational-lambda audit; exact retrospective validation, not population inference"
primary,n12_d25_s42,12,0.25,42,0.05,35,32.5,65.0,1726,0.42138671875,True,0.5645161290322581,False,False,0,1.4467141968537158,"dense operational-lambda audit; exact retrospective validation, not population inference"
primary,n12_d25_s42,12,0.25,42,0.1,36,32.5,65.0,1568,0.3828125,True,0.5806451612903226,False,False,0,0.9087165043528405,"dense operational-lambda audit; exact retrospective validation, not population inference"
primary,n12_d25_s42,12,0.25,42,0.15,38,32.5,65.0,1266,0.30908203125,True,0.6129032258064516,False,False,0,0.49688038606644835,"dense operational-lambda audit; exact retrospective validation, not population inference"
primary,n12_d25_s42,12,0.25,42,0.2,39,32.5,65.0,1120,0.2734375,True,0.6290322580645161,False,False,0,0.39756042730476276,"dense operational-lambda audit; exact retrospective validation, not population inference"
primary,n12_d25_s42,12,0.25,42,0.25,41,32.5,65.0,868,0.2119140625,True,0.6612903225806451,False,True,0,0.28741140823385963,"dense operational-lambda audit; exact retrospective validation, not population inference"
primary,n12_d25_s42,12,0.25,42,0.3,43,32.5,65.0,648,0.158203125,True,0.6935483870967742,False,False,0,0.22614728880767015,"dense operational-lambda audit; exact retrospective validation, not population inference"
primary,n12_d25_s42,12,0.25,42,0.35,44,32.5,65.0,546,0.13330078125,True,0.7096774193548387,False,False,0,0.20444463799525678,"dense operational-lambda audit; exact retrospective validation, not population inference"
primary,n12_d25_s42,12,0.25,42,0.4,46,32.5,65.0,390,0.09521484375,True,0.7419354838709677,False,True,0,0.17700942490770935,"dense operational-lambda audit; exact retrospective validation, not population inference"
primary,n12_d25_s42,12,0.25,42,0.45,48,32.5,65.0,262,0.06396484375,True,0.7741935483870968,False,False,0,0.15519919786505715,"dense operational-lambda audit; exact retrospective validation, not population inference"
primary,n12_d25_s42,12,0.25,42,0.5,49,32.5,65.0,210,0.05126953125,True,0.7903225806451613,False,False,0,0.13639237530755957,"dense operational-lambda audit; exact retrospective validation, not population inference"
primary,n12_d25_s42,12,0.25,42,0.55,51,32.5,65.0,140,0.0341796875,True,0.8225806451612904,False,True,0,0.11555071759382066,"dense operational-lambda audit; exact retrospective validation, not population inference"
primary,n12_d25_s42,12,0.25,42,0.6,52,32.5,65.0,104,0.025390625,True,0.8387096774193549,False,False,0,0.09934297269417962,"dense operational-lambda audit; exact retrospective validation, not population inference"
primary,n12_d25_s42,12,0.25,42,0.65,54,32.5,65.0,66,0.01611328125,True,0.8709677419354839,False,False,0,0.08052980925761678,"dense operational-lambda audit; exact retrospective validation, not population inference"
primary,n12_d25_s42,12,0.25,42,0.7,56,32.5,65.0,30,0.00732421875,True,0.9032258064516129,False,False,0,0.05505164895442521,"dense operational-lambda audit; exact retrospective validation, not population inference"
primary,n12_d25_s42,12,0.25,42,0.75,57,32.5,65.0,20,0.0048828125,True,0.9193548387096774,False,False,0,0.04508906286731734,"dense operational-lambda audit; exact retrospective validation, not population inference"
primary,n12_d25_s42,12,0.25,42,0.8,59,32.5,65.0,10,0.00244140625,True,0.9516129032258065,False,False,0,0.03147321158308471,"dense operational-lambda audit; exact retrospective validation, not population inference"
primary,n12_d25_s42,12,0.25,42,0.85,61,32.5,65.0,2,0.00048828125,True,0.9838709677419355,False,False,0,0.0127446238704481,"dense operational-lambda audit; exact retrospective validation, not population inference"
primary,n12_d25_s42,12,0.25,42,0.9,62,32.5,65.0,2,0.00048828125,True,1.0,False,False,0,0.0127446238704481,"dense operational-lambda audit; exact retrospective validation, not population inference"
primary,n12_d25_s42,12,0.25,42,0.95,64,32.5,65.0,0,0.0,False,1.032258064516129,False,False,,,"dense operational-lambda audit; exact retrospective validation, not population inference"
primary,n12_d25_s42,12,0.25,42,1.0,65,32.5,65.0,0,0.0,False,1.0483870967741935,False,False,,,"dense operational-lambda audit; exact retrospective validation, not population inference"
primary,n12_d50_s17,12,0.5,17,0.0,80,80.0,160.0,2258,0.55126953125,True,0.6722689075630253,False,False,0,5.807748953439822,"dense operational-lambda audit; exact retrospective validation, not population inference"
primary,n12_d50_s17,12,0.5,17,0.05,84,80.0,160.0,1788,0.4365234375,True,0.7058823529411765,False,False,0,1.7883329637885723,"dense operational-lambda audit; exact retrospective validation, not population inference"
primary,n12_d50_s17,12,0.5,17,0.1,88,80.0,160.0,1394,0.34033203125,True,0.7394957983193278,False,False,0,0.6064040394632491,"dense operational-lambda audit; exact retrospective validation, not population inference"
primary,n12_d50_s17,12,0.5,17,0.15,92,80.0,160.0,988,0.2412109375,True,0.773109243697479,False,False,0,0.3246454355544998,"dense operational-lambda audit; exact retrospective validation, not population inference"
primary,n12_d50_s17,12,0.5,17,0.2,96,80.0,160.0,642,0.15673828125,True,0.8067226890756303,False,False,0,0.21980581158786774,"dense operational-lambda audit; exact retrospective validation, not population inference"
primary,n12_d50_s17,12,0.5,17,0.25,100,80.0,160.0,410,0.10009765625,True,0.8403361344537815,False,True,0,0.17653631644476214,"dense operational-lambda audit; exact retrospective validation, not population inference"
primary,n12_d50_s17,12,0.5,17,0.3,104,80.0,160.0,202,0.04931640625,True,0.8739495798319328,False,False,0,0.1314720901400396,"dense operational-lambda audit; exact retrospective validation, not population inference"
primary,n12_d50_s17,12,0.5,17,0.35,108,80.0,160.0,102,0.02490234375,True,0.907563025210084,False,False,0,0.09716270707963276,"dense operational-lambda audit; exact retrospective validation, not population inference"
primary,n12_d50_s17,12,0.5,17,0.4,112,80.0,160.0,44,0.0107421875,True,0.9411764705882353,False,True,0,0.06603600350803034,"dense operational-lambda audit; exact retrospective validation, not population inference"
primary,n12_d50_s17,12,0.5,17,0.45,116,80.0,160.0,10,0.00244140625,True,0.9747899159663865,False,False,0,0.032171519488539614,"dense operational-lambda audit; exact retrospective validation, not population inference"
primary,n12_d50_s17,12,0.5,17,0.5,120,80.0,160.0,0,0.0,False,1.0084033613445378,False,False,,,"dense operational-lambda audit; exact retrospective validation, not population inference"
primary,n12_d50_s17,12,0.5,17,0.55,124,80.0,160.0,0,0.0,False,1.0420168067226891,False,True,,,"dense operational-lambda audit; exact retrospective validation, not population inference"
primary,n12_d50_s17,12,0.5,17,0.6,128,80.0,160.0,0,0.0,False,1.0756302521008403,False,False,,,"dense operational-lambda audit; exact retrospective validation, not population inference"
primary,n12_d50_s17,12,0.5,17,0.65,132,80.0,160.0,0,0.0,False,1.1092436974789917,False,False,,,"dense operational-lambda audit; exact retrospective validation, not population inference"
primary,n12_d50_s17,12,0.5,17,0.7,136,80.0,160.0,0,0.0,False,1.1428571428571428,False,False,,,"dense operational-lambda audit; exact retrospective validation, not population inference"
primary,n12_d50_s17,12,0.5,17,0.75,140,80.0,160.0,0,0.0,False,1.1764705882352942,False,False,,,"dense operational-lambda audit; exact retrospective validation, not population inference"
primary,n12_d50_s17,12,0.5,17,0.8,144,80.0,160.0,0,0.0,False,1.2100840336134453,False,False,,,"dense operational-lambda audit; exact retrospective validation, not population inference"
primary,n12_d50_s17,12,0.5,17,0.85,148,80.0,160.0,0,0.0,False,1.2436974789915967,False,False,,,"dense operational-lambda audit; exact retrospective validation, not population inference"
primary,n12_d50_s17,12,0.5,17,0.9,152,80.0,160.0,0,0.0,False,1.2773109243697478,False,False,,,"dense operational-lambda audit; exact retrospective validation, not population inference"
primary,n12_d50_s17,12,0.5,17,0.95,156,80.0,160.0,0,0.0,False,1.3109243697478992,False,False,,,"dense operational-lambda audit; exact retrospective validation, not population inference"
primary,n12_d50_s17,12,0.5,17,1.0,160,80.0,160.0,0,0.0,False,1.3445378151260505,False,False,,,"dense operational-lambda audit; exact retrospective validation, not population inference"
primary,n12_d50_s42,12,0.5,42,0.0,78,78.0,156.0,2204,0.5380859375,True,0.609375,False,False,0,7.448807933255483,"dense operational-lambda audit; exact retrospective validation, not population inference"
primary,n12_d50_s42,12,0.5,42,0.05,82,78.0,156.0,1724,0.4208984375,True,0.640625,False,False,0,1.3960681605484762,"dense operational-lambda audit; exact retrospective validation, not population inference"
primary,n12_d50_s42,12,0.5,42,0.1,86,78.0,156.0,1270,0.31005859375,True,0.671875,False,False,0,0.48712382482279337,"dense operational-lambda audit; exact retrospective validation, not population inference"
primary,n12_d50_s42,12,0.5,42,0.15,90,78.0,156.0,878,0.21435546875,True,0.703125,False,False,0,0.28390205889775044,"dense operational-lambda audit; exact retrospective validation, not population inference"
primary,n12_d50_s42,12,0.5,42,0.2,94,78.0,156.0,570,0.13916015625,True,0.734375,False,False,0,0.20473719097123852,"dense operational-lambda audit; exact retrospective validation, not population inference"
primary,n12_d50_s42,12,0.5,42,0.25,98,78.0,156.0,352,0.0859375,True,0.765625,False,True,0,0.16779205566580105,"dense operational-lambda audit; exact retrospective validation, not population inference"
primary,n12_d50_s42,12,0.5,42,0.3,102,78.0,156.0,208,0.05078125,True,0.796875,False,False,0,0.1333736561088674,"dense operational-lambda audit; exact retrospective validation, not population inference"
primary,n12_d50_s42,12,0.5,42,0.35,106,78.0,156.0,114,0.02783203125,True,0.828125,False,False,0,0.1026575805795911,"dense operational-lambda audit; exact retrospective validation, not population inference"
primary,n12_d50_s42,12,0.5,42,0.4,110,78.0,156.0,64,0.015625,True,0.859375,False,True,0,0.07860210383351948,"dense operational-lambda audit; exact retrospective validation, not population inference"
primary,n12_d50_s42,12,0.5,42,0.45,114,78.0,156.0,28,0.0068359375,True,0.890625,False,False,0,0.0533789344288911,"dense operational-lambda audit; exact retrospective validation, not population inference"
primary,n12_d50_s42,12,0.5,42,0.5,117,78.0,156.0,22,0.00537109375,True,0.9140625,False,False,0,0.04745959199106474,"dense operational-lambda audit; exact retrospective validation, not population inference"
primary,n12_d50_s42,12,0.5,42,0.55,121,78.0,156.0,10,0.00244140625,True,0.9453125,False,True,0,0.032171519488539614,"dense operational-lambda audit; exact retrospective validation, not population inference"
primary,n12_d50_s42,12,0.5,42,0.6,125,78.0,156.0,4,0.0009765625,True,0.9765625,False,False,0,0.020173195080212206,"dense operational-lambda audit; exact retrospective validation, not population inference"
primary,n12_d50_s42,12,0.5,42,0.65,129,78.0,156.0,0,0.0,False,1.0078125,False,False,,,"dense operational-lambda audit; exact retrospective validation, not population inference"
primary,n12_d50_s42,12,0.5,42,0.7,133,78.0,156.0,0,0.0,False,1.0390625,False,False,,,"dense operational-lambda audit; exact retrospective validation, not population inference"
primary,n12_d50_s42,12,0.5,42,0.75,137,78.0,156.0,0,0.0,False,1.0703125,False,False,,,"dense operational-lambda audit; exact retrospective validation, not population inference"
primary,n12_d50_s42,12,0.5,42,0.8,141,78.0,156.0,0,0.0,False,1.1015625,False,False,,,"dense operational-lambda audit; exact retrospective validation, not population inference"
primary,n12_d50_s42,12,0.5,42,0.85,145,78.0,156.0,0,0.0,False,1.1328125,False,False,,,"dense operational-lambda audit; exact retrospective validation, not population inference"
primary,n12_d50_s42,12,0.5,42,0.9,149,78.0,156.0,0,0.0,False,1.1640625,False,False,,,"dense operational-lambda audit; exact retrospective validation, not population inference"
primary,n12_d50_s42,12,0.5,42,0.95,153,78.0,156.0,0,0.0,False,1.1953125,False,False,,,"dense operational-lambda audit; exact retrospective validation, not population inference"
primary,n12_d50_s42,12,0.5,42,1.0,156,78.0,156.0,0,0.0,False,1.21875,False,False,,,"dense operational-lambda audit; exact retrospective validation, not population inference"
primary,n12_d75_s17,12,0.75,17,0.0,121,120.5,193.05706782323148,2258,0.55126953125,True,0.7378048780487805,False,False,0,5.762428870407536,"dense operational-lambda audit; exact retrospective validation, not population inference"
primary,n12_d75_s17,12,0.75,17,0.05,125,120.5,193.05706782323148,1850,0.45166015625,True,0.7621951219512195,False,False,0,2.3950281683006573,"dense operational-lambda audit; exact retrospective validation, not population inference"
primary,n12_d75_s17,12,0.75,17,0.1,128,120.5,193.05706782323148,1578,0.38525390625,True,0.7804878048780488,False,False,0,0.8994215435503929,"dense operational-lambda audit; exact retrospective validation, not population inference"
primary,n12_d75_s17,12,0.75,17,0.15,132,120.5,193.05706782323148,1158,0.28271484375,True,0.8048780487804879,False,False,0,0.40658746468433205,"dense operational-lambda audit; exact retrospective validation, not population inference"
primary,n12_d75_s17,12,0.75,17,0.2,136,120.5,193.05706782323148,774,0.18896484375,True,0.8292682926829268,False,False,0,0.25086331465253525,"dense operational-lambda audit; exact retrospective validation, not population inference"
primary,n12_d75_s17,12,0.75,17,0.25,139,120.5,193.05706782323148,570,0.13916015625,True,0.8475609756097561,False,True,0,0.20355986175023585,"dense operational-lambda audit; exact retrospective validation, not population inference"
primary,n12_d75_s17,12,0.75,17,0.3,143,120.5,193.05706782323148,364,0.0888671875,True,0.8719512195121951,False,False,0,0.16864488832344676,"dense operational-lambda audit; exact retrospective validation, not population inference"
primary,n12_d75_s17,12,0.75,17,0.35,146,120.5,193.05706782323148,254,0.06201171875,True,0.8902439024390244,False,False,0,0.14851344291469765,"dense operational-lambda audit; exact retrospective validation, not population inference"
primary,n12_d75_s17,12,0.75,17,0.4,150,120.5,193.05706782323148,132,0.0322265625,True,0.9146341463414634,False,True,0,0.11121940421799867,"dense operational-lambda audit; exact retrospective validation, not population inference"
primary,n12_d75_s17,12,0.75,17,0.45,154,120.5,193.05706782323148,74,0.01806640625,True,0.9390243902439024,False,False,0,0.08453963366831084,"dense operational-lambda audit; exact retrospective validation, not population inference"
primary,n12_d75_s17,12,0.75,17,0.5,157,120.5,193.05706782323148,38,0.00927734375,True,0.9573170731707317,False,False,0,0.061728291320375876,"dense operational-lambda audit; exact retrospective validation, not population inference"
primary,n12_d75_s17,12,0.75,17,0.55,161,120.5,193.05706782323148,8,0.001953125,True,0.9817073170731707,False,True,0,0.029008492110237746,"dense operational-lambda audit; exact retrospective validation, not population inference"
primary,n12_d75_s17,12,0.75,17,0.6,165,120.5,193.05706782323148,0,0.0,False,1.0060975609756098,False,False,,,"dense operational-lambda audit; exact retrospective validation, not population inference"
primary,n12_d75_s17,12,0.75,17,0.65,168,120.5,193.05706782323148,0,0.0,False,1.024390243902439,False,False,,,"dense operational-lambda audit; exact retrospective validation, not population inference"
primary,n12_d75_s17,12,0.75,17,0.7,172,120.5,193.05706782323148,0,0.0,False,1.048780487804878,False,False,,,"dense operational-lambda audit; exact retrospective validation, not population inference"
primary,n12_d75_s17,12,0.75,17,0.75,175,120.5,193.05706782323148,0,0.0,False,1.0670731707317074,False,False,,,"dense operational-lambda audit; exact retrospective validation, not population inference"
primary,n12_d75_s17,12,0.75,17,0.8,179,120.5,193.05706782323148,0,0.0,False,1.0914634146341464,False,False,,,"dense operational-lambda audit; exact retrospective validation, not population inference"
primary,n12_d75_s17,12,0.75,17,0.85,183,120.5,193.05706782323148,0,0.0,False,1.1158536585365855,False,False,,,"dense operational-lambda audit; exact retrospective validation, not population inference"
primary,n12_d75_s17,12,0.75,17,0.9,186,120.5,193.05706782323148,0,0.0,False,1.1341463414634145,False,False,,,"dense operational-lambda audit; exact retrospective validation, not population inference"
primary,n12_d75_s17,12,0.75,17,0.95,190,120.5,193.05706782323148,0,0.0,False,1.1585365853658536,False,False,,,"dense operational-lambda audit; exact retrospective validation, not population inference"
primary,n12_d75_s17,12,0.75,17,1.0,194,120.5,193.05706782323148,0,0.0,False,1.1829268292682926,False,False,,,"dense operational-lambda audit; exact retrospective validation, not population inference"
primary,n12_d75_s42,12,0.75,42,0.0,125,124.5,214.58047576020033,2288,0.55859375,True,0.7142857142857143,False,False,0,5.19552941082172,"dense operational-lambda audit; exact retrospective validation, not population inference"
primary,n12_d75_s42,12,0.75,42,0.05,130,124.5,214.58047576020033,1764,0.4306640625,True,0.7428571428571429,False,False,0,1.607901946323647,"dense operational-lambda audit; exact retrospective validation, not population inference"
primary,n12_d75_s42,12,0.75,42,0.1,134,124.5,214.58047576020033,1360,0.33203125,True,0.7657142857142857,False,False,0,0.5651425137116401,"dense operational-lambda audit; exact retrospective validation, not population inference"
primary,n12_d75_s42,12,0.75,42,0.15,139,124.5,214.58047576020033,900,0.2197265625,True,0.7942857142857143,False,False,0,0.28950958519899833,"dense operational-lambda audit; exact retrospective validation, not population inference"
primary,n12_d75_s42,12,0.75,42,0.2,143,124.5,214.58047576020033,660,0.1611328125,True,0.8171428571428572,False,False,0,0.222519303023591,"dense operational-lambda audit; exact retrospective validation, not population inference"
primary,n12_d75_s42,12,0.75,42,0.25,148,124.5,214.58047576020033,366,0.08935546875,True,0.8457142857142858,False,True,0,0.1689374900861047,"dense operational-lambda audit; exact retrospective validation, not population inference"
primary,n12_d75_s42,12,0.75,42,0.3,152,124.5,214.58047576020033,206,0.05029296875,True,0.8685714285714285,False,False,0,0.13212566274370155,"dense operational-lambda audit; exact retrospective validation, not population inference"
primary,n12_d75_s42,12,0.75,42,0.35,157,124.5,214.58047576020033,98,0.02392578125,True,0.8971428571428571,False,False,0,0.095098261465352,"dense operational-lambda audit; exact retrospective validation, not population inference"
primary,n12_d75_s42,12,0.75,42,0.4,161,124.5,214.58047576020033,54,0.01318359375,True,0.92,False,True,0,0.0728391397527204,"dense operational-lambda audit; exact retrospective validation, not population inference"
primary,n12_d75_s42,12,0.75,42,0.45,166,124.5,214.58047576020033,28,0.0068359375,True,0.9485714285714286,False,False,0,0.05339406571646858,"dense operational-lambda audit; exact retrospective validation, not population inference"
primary,n12_d75_s42,12,0.75,42,0.5,170,124.5,214.58047576020033,8,0.001953125,True,0.9714285714285714,False,False,0,0.029008492110237746,"dense operational-lambda audit; exact retrospective validation, not population inference"
primary,n12_d75_s42,12,0.75,42,0.55,175,124.5,214.58047576020033,2,0.00048828125,True,1.0,False,True,0,0.014317272381402242,"dense operational-lambda audit; exact retrospective validation, not population inference"
primary,n12_d75_s42,12,0.75,42,0.6,179,124.5,214.58047576020033,0,0.0,False,1.022857142857143,False,False,,,"dense operational-lambda audit; exact retrospective validation, not population inference"
primary,n12_d75_s42,12,0.75,42,0.65,184,124.5,214.58047576020033,0,0.0,False,1.0514285714285714,False,False,,,"dense operational-lambda audit; exact retrospective validation, not population inference"
primary,n12_d75_s42,12,0.75,42,0.7,188,124.5,214.58047576020033,0,0.0,False,1.0742857142857143,False,False,,,"dense operational-lambda audit; exact retrospective validation, not population inference"
primary,n12_d75_s42,12,0.75,42,0.75,193,124.5,214.58047576020033,0,0.0,False,1.1028571428571428,False,False,,,"dense operational-lambda audit; exact retrospective validation, not population inference"
primary,n12_d75_s42,12,0.75,42,0.8,197,124.5,214.58047576020033,0,0.0,False,1.1257142857142857,False,False,,,"dense operational-lambda audit; exact retrospective validation, not population inference"
primary,n12_d75_s42,12,0.75,42,0.85,202,124.5,214.58047576020033,0,0.0,False,1.1542857142857144,False,False,,,"dense operational-lambda audit; exact retrospective validation, not population inference"
primary,n12_d75_s42,12,0.75,42,0.9,206,124.5,214.58047576020033,0,0.0,False,1.177142857142857,False,False,,,"dense operational-lambda audit; exact retrospective validation, not population inference"
primary,n12_d75_s42,12,0.75,42,0.95,211,124.5,214.58047576020033,0,0.0,False,1.2057142857142857,False,False,,,"dense operational-lambda audit; exact retrospective validation, not population inference"
primary,n12_d75_s42,12,0.75,42,1.0,215,124.5,214.58047576020033,0,0.0,False,1.2285714285714286,False,False,,,"dense operational-lambda audit; exact retrospective validation, not population inference"
