instance_id,p,optimizer_seed,lbfgsb_approx_ratio,cobyla_approx_ratio,delta_cobyla_minus_lbfgsb,lbfgsb_objective_evaluations,cobyla_objective_evaluations,evidence_label
n10_d25_s17,1,0,0.5712805533308688,0.5712805533246101,-6.258660256719395e-12,45,78,paired ideal-statevector optimizer delta under identical initialization and equal evaluation cap
n10_d25_s17,1,1,0.7123615536214829,0.712361553608129,-1.3353873562493845e-11,45,98,paired ideal-statevector optimizer delta under identical initialization and equal evaluation cap
n10_d25_s17,1,2,0.5000000000000165,0.5024334668816446,0.0024334668816280436,15,13,paired ideal-statevector optimizer delta under identical initialization and equal evaluation cap
n10_d25_s17,1,3,0.5000000000000001,0.515716029606275,0.01571602960627494,27,128,paired ideal-statevector optimizer delta under identical initialization and equal evaluation cap
n10_d25_s17,1,4,0.5000000000000001,0.5157160296513998,0.015716029651399732,24,113,paired ideal-statevector optimizer delta under identical initialization and equal evaluation cap
n10_d25_s17,2,0,0.6360068719673515,0.594589928237112,-0.04141694373023952,105,128,paired ideal-statevector optimizer delta under identical initialization and equal evaluation cap
n10_d25_s17,2,1,0.5000000000000001,0.6362395255554236,0.1362395255554235,25,128,paired ideal-statevector optimizer delta under identical initialization and equal evaluation cap
n10_d25_s17,2,2,0.6062285353014141,0.6097282647176254,0.00349972941621135,115,128,paired ideal-statevector optimizer delta under identical initialization and equal evaluation cap
n10_d25_s17,2,3,0.6103451340121129,0.5809125419357816,-0.02943259207633131,128,128,paired ideal-statevector optimizer delta under identical initialization and equal evaluation cap
n10_d25_s17,2,4,0.525552826745525,0.6267023997534689,0.10114957300794392,65,128,paired ideal-statevector optimizer delta under identical initialization and equal evaluation cap
n10_d25_s17,3,0,0.6421493493785321,0.5821490585947511,-0.060000290783780996,128,128,paired ideal-statevector optimizer delta under identical initialization and equal evaluation cap
n10_d25_s17,3,1,0.6044657703091266,0.581214475795395,-0.023251294513731646,128,128,paired ideal-statevector optimizer delta under identical initialization and equal evaluation cap
n10_d25_s17,3,2,0.6446586636987733,0.6433132682371195,-0.0013453954616537978,128,128,paired ideal-statevector optimizer delta under identical initialization and equal evaluation cap
n10_d25_s17,3,3,0.5000000000010368,0.6577745191540314,0.15777451915299456,49,128,paired ideal-statevector optimizer delta under identical initialization and equal evaluation cap
n10_d25_s17,3,4,0.713598693501009,0.7578359112588359,0.04423721775782685,128,128,paired ideal-statevector optimizer delta under identical initialization and equal evaluation cap
n10_d25_s42,1,0,0.7242677288609599,0.7242677288564302,-4.529709940470639e-12,42,89,paired ideal-statevector optimizer delta under identical initialization and equal evaluation cap
n10_d25_s42,1,1,0.6183676693841444,0.657403255643731,0.039035586259586585,45,58,paired ideal-statevector optimizer delta under identical initialization and equal evaluation cap
n10_d25_s42,1,2,0.5500000000000002,0.6495718472929513,0.0995718472929511,27,76,paired ideal-statevector optimizer delta under identical initialization and equal evaluation cap
n10_d25_s42,1,3,0.7242677288609599,0.7242677288594678,-1.4921397450962104e-12,36,79,paired ideal-statevector optimizer delta under identical initialization and equal evaluation cap
n10_d25_s42,1,4,0.5500000000000002,0.7242677288601073,0.1742677288601071,21,80,paired ideal-statevector optimizer delta under identical initialization and equal evaluation cap
n10_d25_s42,2,0,0.6798152171024526,0.7003631525090086,0.020547935406555973,125,128,paired ideal-statevector optimizer delta under identical initialization and equal evaluation cap
n10_d25_s42,2,1,0.5500000000000148,0.8459827811987509,0.2959827811987361,35,128,paired ideal-statevector optimizer delta under identical initialization and equal evaluation cap
n10_d25_s42,2,2,0.674475057086683,0.6183695036626707,-0.056105553424012244,105,87,paired ideal-statevector optimizer delta under identical initialization and equal evaluation cap
n10_d25_s42,2,3,0.8375908671018596,0.8412337710294452,0.0036429039275855946,128,128,paired ideal-statevector optimizer delta under identical initialization and equal evaluation cap
n10_d25_s42,2,4,0.5500000000000101,0.7468611448331112,0.19686114483310102,20,128,paired ideal-statevector optimizer delta under identical initialization and equal evaluation cap
n10_d25_s42,3,0,0.7250781712320172,0.8356098268037868,0.11053165557176958,128,128,paired ideal-statevector optimizer delta under identical initialization and equal evaluation cap
n10_d25_s42,3,1,0.7499614989773441,0.8440924116784211,0.09413091270107699,128,128,paired ideal-statevector optimizer delta under identical initialization and equal evaluation cap
n10_d25_s42,3,2,0.549999999999999,0.7195812474029444,0.16958124740294533,42,128,paired ideal-statevector optimizer delta under identical initialization and equal evaluation cap
n10_d25_s42,3,3,0.5500000000000621,0.7413483590070905,0.1913483590070284,35,128,paired ideal-statevector optimizer delta under identical initialization and equal evaluation cap
n10_d25_s42,3,4,0.6825360511460268,0.7280077653138772,0.04547171416785045,128,128,paired ideal-statevector optimizer delta under identical initialization and equal evaluation cap
n10_d50_s17,1,0,0.6594015701400656,0.6586864937220442,-0.0007150764180213764,42,119,paired ideal-statevector optimizer delta under identical initialization and equal evaluation cap
n10_d50_s17,1,1,0.6357142857142967,0.6635410038717449,0.027826718157448194,12,128,paired ideal-statevector optimizer delta under identical initialization and equal evaluation cap
n10_d50_s17,1,2,0.6848773178782266,0.6848773178779949,-2.3170354523927017e-13,51,54,paired ideal-statevector optimizer delta under identical initialization and equal evaluation cap
n10_d50_s17,1,3,0.6357142857142863,0.7766295150365898,0.1409152293223035,54,17,paired ideal-statevector optimizer delta under identical initialization and equal evaluation cap
n10_d50_s17,1,4,0.6848773178782283,0.6758594491786403,-0.009017868699587983,57,118,paired ideal-statevector optimizer delta under identical initialization and equal evaluation cap
n10_d50_s17,2,0,0.7576750258873345,0.7008827463758236,-0.05679227951151089,128,128,paired ideal-statevector optimizer delta under identical initialization and equal evaluation cap
n10_d50_s17,2,1,0.7955597554804618,0.7293037245377608,-0.06625603094270094,120,128,paired ideal-statevector optimizer delta under identical initialization and equal evaluation cap
n10_d50_s17,2,2,0.6357142857142861,0.6700168664183656,0.03430258070407943,50,128,paired ideal-statevector optimizer delta under identical initialization and equal evaluation cap
n10_d50_s17,2,3,0.7962374890947757,0.7962067572124631,-3.07318823125069e-05,128,128,paired ideal-statevector optimizer delta under identical initialization and equal evaluation cap
n10_d50_s17,2,4,0.6357142857143523,0.796288991837845,0.16057470612349267,20,128,paired ideal-statevector optimizer delta under identical initialization and equal evaluation cap
n10_d50_s17,3,0,0.70240147624741,0.6825482438131573,-0.019853232434252743,128,128,paired ideal-statevector optimizer delta under identical initialization and equal evaluation cap
n10_d50_s17,3,1,0.6357142857143377,0.7089608953881074,0.07324660967376961,56,128,paired ideal-statevector optimizer delta under identical initialization and equal evaluation cap
n10_d50_s17,3,2,0.7882558570994297,0.6800157039302458,-0.1082401531691839,128,128,paired ideal-statevector optimizer delta under identical initialization and equal evaluation cap
n10_d50_s17,3,3,0.6814419908797138,0.6820173691735416,0.0005753782938278107,128,128,paired ideal-statevector optimizer delta under identical initialization and equal evaluation cap
n10_d50_s17,3,4,0.7675484706976703,0.695472417142951,-0.07207605355471924,128,128,paired ideal-statevector optimizer delta under identical initialization and equal evaluation cap
n10_d50_s42,1,0,0.6170303194237468,0.6170303194218988,-1.847966224488573e-12,39,51,paired ideal-statevector optimizer delta under identical initialization and equal evaluation cap
n10_d50_s42,1,1,0.6279917158831207,0.6008859123443159,-0.027105803538804873,48,94,paired ideal-statevector optimizer delta under identical initialization and equal evaluation cap
n10_d50_s42,1,2,0.581521739130435,0.6044894569064185,0.0229677177759835,15,128,paired ideal-statevector optimizer delta under identical initialization and equal evaluation cap
n10_d50_s42,1,3,0.6135543044950118,0.6135543044869922,-8.019584996077356e-12,33,98,paired ideal-statevector optimizer delta under identical initialization and equal evaluation cap
n10_d50_s42,1,4,0.581521739130435,0.6170303194203963,0.03550858028996129,21,68,paired ideal-statevector optimizer delta under identical initialization and equal evaluation cap
n10_d50_s42,2,0,0.6119666333343919,0.6265493376327751,0.014582704298383153,128,128,paired ideal-statevector optimizer delta under identical initialization and equal evaluation cap
n10_d50_s42,2,1,0.6369622761624206,0.6131901208007617,-0.023772155361658887,128,128,paired ideal-statevector optimizer delta under identical initialization and equal evaluation cap
n10_d50_s42,2,2,0.7505963443252983,0.7513477883108676,0.0007514439855692556,90,128,paired ideal-statevector optimizer delta under identical initialization and equal evaluation cap
n10_d50_s42,2,3,0.5815217391304348,0.6038935932769043,0.022371854146469472,30,128,paired ideal-statevector optimizer delta under identical initialization and equal evaluation cap
n10_d50_s42,2,4,0.6290064645419559,0.639610324725348,0.0106038601833921,128,128,paired ideal-statevector optimizer delta under identical initialization and equal evaluation cap
n10_d50_s42,3,0,0.8000956306865357,0.8062972538083837,0.006201623121848021,128,128,paired ideal-statevector optimizer delta under identical initialization and equal evaluation cap
n10_d50_s42,3,1,0.5815217391304535,0.608087771446784,0.02656603231633059,28,128,paired ideal-statevector optimizer delta under identical initialization and equal evaluation cap
n10_d50_s42,3,2,0.6284955802582168,0.7504834378995867,0.12198785764136988,128,128,paired ideal-statevector optimizer delta under identical initialization and equal evaluation cap
n10_d50_s42,3,3,0.6279995925704682,0.6217385285880139,-0.006261063982454296,128,128,paired ideal-statevector optimizer delta under identical initialization and equal evaluation cap
n10_d50_s42,3,4,0.6009092843339738,0.6324087354310904,0.031499451097116604,128,128,paired ideal-statevector optimizer delta under identical initialization and equal evaluation cap
n10_d75_s17,1,0,0.7043478260869578,0.7195397824157758,0.01519195632881798,15,128,paired ideal-statevector optimizer delta under identical initialization and equal evaluation cap
n10_d75_s17,1,1,0.7043478260869567,0.719515796874798,0.015167970787841378,24,128,paired ideal-statevector optimizer delta under identical initialization and equal evaluation cap
n10_d75_s17,1,2,0.727117067449618,0.7164961049035874,-0.010620962546030621,42,128,paired ideal-statevector optimizer delta under identical initialization and equal evaluation cap
n10_d75_s17,1,3,0.7148858604073083,0.7281016053970906,0.013215744989782285,45,128,paired ideal-statevector optimizer delta under identical initialization and equal evaluation cap
n10_d75_s17,1,4,0.7108751288837599,0.7108341029762313,-4.102590752863566e-05,48,128,paired ideal-statevector optimizer delta under identical initialization and equal evaluation cap
n10_d75_s17,2,0,0.7290018383514281,0.7355593558971325,0.006557517545704439,110,128,paired ideal-statevector optimizer delta under identical initialization and equal evaluation cap
n10_d75_s17,2,1,0.7225995606860218,0.8340362359113704,0.11143667522534861,110,128,paired ideal-statevector optimizer delta under identical initialization and equal evaluation cap
n10_d75_s17,2,2,0.7305752595586471,0.7304747408565676,-0.00010051870207949953,100,128,paired ideal-statevector optimizer delta under identical initialization and equal evaluation cap
n10_d75_s17,2,3,0.7043478260869576,0.720110653968747,0.0157628278817894,25,128,paired ideal-statevector optimizer delta under identical initialization and equal evaluation cap
n10_d75_s17,2,4,0.7277812300947328,0.7271622818944051,-0.0006189482003277069,120,128,paired ideal-statevector optimizer delta under identical initialization and equal evaluation cap
n10_d75_s17,3,0,0.7043478260869556,0.7303500092982312,0.026002183211275676,28,128,paired ideal-statevector optimizer delta under identical initialization and equal evaluation cap
n10_d75_s17,3,1,0.7043478260873898,0.7215694685906368,0.01722164250324698,49,128,paired ideal-statevector optimizer delta under identical initialization and equal evaluation cap
n10_d75_s17,3,2,0.7266804448842337,0.7193677038324509,-0.007312741051782812,128,128,paired ideal-statevector optimizer delta under identical initialization and equal evaluation cap
n10_d75_s17,3,3,0.7321492580630852,0.721894278420107,-0.010254979642978168,128,128,paired ideal-statevector optimizer delta under identical initialization and equal evaluation cap
n10_d75_s17,3,4,0.722519462424399,0.7262170383432239,0.0036975759188249135,128,128,paired ideal-statevector optimizer delta under identical initialization and equal evaluation cap
n10_d75_s42,1,0,0.6954457379557663,0.8031539665959225,0.10770822864015628,66,120,paired ideal-statevector optimizer delta under identical initialization and equal evaluation cap
n10_d75_s42,1,1,0.7399784509539674,0.7082656042059944,-0.031712846747973034,30,128,paired ideal-statevector optimizer delta under identical initialization and equal evaluation cap
n10_d75_s42,1,2,0.6869878908662367,0.694426382826445,0.007438491960208293,51,128,paired ideal-statevector optimizer delta under identical initialization and equal evaluation cap
n10_d75_s42,1,3,0.6980195602904173,0.6986208047040722,0.0006012444136548334,84,128,paired ideal-statevector optimizer delta under identical initialization and equal evaluation cap
n10_d75_s42,1,4,0.6791044776120491,0.6791255950374664,2.1117425417327418e-05,30,14,paired ideal-statevector optimizer delta under identical initialization and equal evaluation cap
n10_d75_s42,2,0,0.7083958646372919,0.7027239005489028,-0.005671964088389103,128,128,paired ideal-statevector optimizer delta under identical initialization and equal evaluation cap
n10_d75_s42,2,1,0.6986208049799636,0.7012879628340085,0.0026671578540449215,110,128,paired ideal-statevector optimizer delta under identical initialization and equal evaluation cap
n10_d75_s42,2,2,0.6791044776119601,0.6973951402099159,0.018290662597955754,30,128,paired ideal-statevector optimizer delta under identical initialization and equal evaluation cap
n10_d75_s42,2,3,0.7065463550880653,0.7042205142808053,-0.002325840807259949,125,128,paired ideal-statevector optimizer delta under identical initialization and equal evaluation cap
n10_d75_s42,2,4,0.690631365029565,0.7011338659198257,0.010502500890260724,105,128,paired ideal-statevector optimizer delta under identical initialization and equal evaluation cap
n10_d75_s42,3,0,0.6791044776119423,0.6979474755420013,0.018842997930059058,56,128,paired ideal-statevector optimizer delta under identical initialization and equal evaluation cap
n10_d75_s42,3,1,0.6791044776119436,0.71574333405818,0.036638856446236434,77,128,paired ideal-statevector optimizer delta under identical initialization and equal evaluation cap
n10_d75_s42,3,2,0.7082683657439982,0.7063602178589422,-0.0019081478850559996,84,128,paired ideal-statevector optimizer delta under identical initialization and equal evaluation cap
n10_d75_s42,3,3,0.6791044776119607,0.6949972929963272,0.015892815384366488,49,128,paired ideal-statevector optimizer delta under identical initialization and equal evaluation cap
n10_d75_s42,3,4,0.7009488548193548,0.6995869647279785,-0.0013618900913762166,128,128,paired ideal-statevector optimizer delta under identical initialization and equal evaluation cap
n12_d25_s17,1,0,0.5710583253784283,0.5766894472542606,0.005631121875832368,39,124,paired ideal-statevector optimizer delta under identical initialization and equal evaluation cap
n12_d25_s17,1,1,0.7341604826476844,0.7341604826168893,-3.079514421244767e-11,42,82,paired ideal-statevector optimizer delta under identical initialization and equal evaluation cap
n12_d25_s17,1,2,0.571058325378425,0.5710582166157342,-1.0876269085358103e-07,39,128,paired ideal-statevector optimizer delta under identical initialization and equal evaluation cap
n12_d25_s17,1,3,0.5370370370370371,0.7341604826069428,0.1971234455699057,39,116,paired ideal-statevector optimizer delta under identical initialization and equal evaluation cap
n12_d25_s17,1,4,0.6338761468350768,0.6338761164975533,-3.033752349335117e-08,39,128,paired ideal-statevector optimizer delta under identical initialization and equal evaluation cap
n12_d25_s17,2,0,0.5370370370370575,0.5864314859549832,0.04939444891792566,30,128,paired ideal-statevector optimizer delta under identical initialization and equal evaluation cap
n12_d25_s17,2,1,0.6404262698526955,0.6389380846559285,-0.0014881851967669668,115,128,paired ideal-statevector optimizer delta under identical initialization and equal evaluation cap
n12_d25_s17,2,2,0.5370370370382647,0.6390653082052633,0.10202827116699864,45,128,paired ideal-statevector optimizer delta under identical initialization and equal evaluation cap
n12_d25_s17,2,3,0.7369296369824982,0.6484887214000725,-0.08844091558242573,128,128,paired ideal-statevector optimizer delta under identical initialization and equal evaluation cap
n12_d25_s17,2,4,0.6061222488647008,0.5822871487233026,-0.023835100141398224,110,128,paired ideal-statevector optimizer delta under identical initialization and equal evaluation cap
n12_d25_s17,3,0,0.5370370370370379,0.6583383912190606,0.1213013541820227,28,128,paired ideal-statevector optimizer delta under identical initialization and equal evaluation cap
n12_d25_s17,3,1,0.6338761447193655,0.626132145619111,-0.007743999100254473,128,128,paired ideal-statevector optimizer delta under identical initialization and equal evaluation cap
n12_d25_s17,3,2,0.6371553649585949,0.653599447182648,0.016444082224053025,128,128,paired ideal-statevector optimizer delta under identical initialization and equal evaluation cap
n12_d25_s17,3,3,0.7855765773850192,0.7542619917081246,-0.0313145856768946,128,128,paired ideal-statevector optimizer delta under identical initialization and equal evaluation cap
n12_d25_s17,3,4,0.5370370370370587,0.7356913534730867,0.19865431643602793,21,128,paired ideal-statevector optimizer delta under identical initialization and equal evaluation cap
n12_d25_s42,1,0,0.5729316582776353,0.5824382755371241,0.00950661725948887,51,128,paired ideal-statevector optimizer delta under identical initialization and equal evaluation cap
n12_d25_s42,1,1,0.5241935483870969,0.5729316582704865,0.04873810988338967,9,75,paired ideal-statevector optimizer delta under identical initialization and equal evaluation cap
n12_d25_s42,1,2,0.5648874118316224,0.5648874118050604,-2.6561974841854408e-11,39,128,paired ideal-statevector optimizer delta under identical initialization and equal evaluation cap
n12_d25_s42,1,3,0.5241935483870969,0.5729316582767859,0.048738109889689074,30,79,paired ideal-statevector optimizer delta under identical initialization and equal evaluation cap
n12_d25_s42,1,4,0.5241935483870969,0.5824382999593367,0.05824475157223985,54,123,paired ideal-statevector optimizer delta under identical initialization and equal evaluation cap
n12_d25_s42,2,0,0.5764132097890078,0.5743572572543771,-0.002055952534630645,110,128,paired ideal-statevector optimizer delta under identical initialization and equal evaluation cap
n12_d25_s42,2,1,0.648445584378376,0.6484434180438512,-2.1663345247668886e-06,105,128,paired ideal-statevector optimizer delta under identical initialization and equal evaluation cap
n12_d25_s42,2,2,0.5241935483871062,0.5888938395043235,0.06470029111721731,15,128,paired ideal-statevector optimizer delta under identical initialization and equal evaluation cap
n12_d25_s42,2,3,0.5642296299276326,0.6298173837758133,0.06558775384818072,115,128,paired ideal-statevector optimizer delta under identical initialization and equal evaluation cap
n12_d25_s42,2,4,0.5241935483870969,0.5980638466929659,0.073870298305869,15,128,paired ideal-statevector optimizer delta under identical initialization and equal evaluation cap
n12_d25_s42,3,0,0.661094739911496,0.7643650459598182,0.10327030604832221,128,128,paired ideal-statevector optimizer delta under identical initialization and equal evaluation cap
n12_d25_s42,3,1,0.6205750187947269,0.6124864930784101,-0.008088525716316797,128,128,paired ideal-statevector optimizer delta under identical initialization and equal evaluation cap
n12_d25_s42,3,2,0.7769020327368231,0.6719362074362338,-0.10496582530058929,128,128,paired ideal-statevector optimizer delta under identical initialization and equal evaluation cap
n12_d25_s42,3,3,0.7615551855382638,0.7679731703419967,0.006417984803732901,128,128,paired ideal-statevector optimizer delta under identical initialization and equal evaluation cap
n12_d25_s42,3,4,0.5241935483871247,0.7656584992931399,0.24146495090601516,35,128,paired ideal-statevector optimizer delta under identical initialization and equal evaluation cap
n12_d50_s17,1,0,0.6722689075630254,0.6890017335044951,0.016732825941469742,12,128,paired ideal-statevector optimizer delta under identical initialization and equal evaluation cap
n12_d50_s17,1,1,0.6769140354776879,0.6769138887765014,-1.4670118653192787e-07,30,128,paired ideal-statevector optimizer delta under identical initialization and equal evaluation cap
n12_d50_s17,1,2,0.6954926138253328,0.6804935223193583,-0.014999091505974449,111,128,paired ideal-statevector optimizer delta under identical initialization and equal evaluation cap
n12_d50_s17,1,3,0.6837871000270399,0.7015029989794075,0.01771589895236758,51,128,paired ideal-statevector optimizer delta under identical initialization and equal evaluation cap
n12_d50_s17,1,4,0.7215486128535146,0.7215321687116593,-1.6444141855309624e-05,63,128,paired ideal-statevector optimizer delta under identical initialization and equal evaluation cap
n12_d50_s17,2,0,0.6801340610802865,0.6801179938012938,-1.6067278992726308e-05,115,128,paired ideal-statevector optimizer delta under identical initialization and equal evaluation cap
n12_d50_s17,2,1,0.6722689075635124,0.7061328902918083,0.03386398272829583,20,128,paired ideal-statevector optimizer delta under identical initialization and equal evaluation cap
n12_d50_s17,2,2,0.6722689075630254,0.7277087723495,0.05543986478647467,15,128,paired ideal-statevector optimizer delta under identical initialization and equal evaluation cap
n12_d50_s17,2,3,0.6987108191309589,0.8304238084357574,0.13171298930479847,128,128,paired ideal-statevector optimizer delta under identical initialization and equal evaluation cap
n12_d50_s17,2,4,0.6901689518621856,0.6912609065051444,0.0010919546429587479,128,128,paired ideal-statevector optimizer delta under identical initialization and equal evaluation cap
n12_d50_s17,3,0,0.7227342900721232,0.7184515062713678,-0.004282783800755419,128,128,paired ideal-statevector optimizer delta under identical initialization and equal evaluation cap
n12_d50_s17,3,1,0.6819771747871861,0.6941750611249393,0.012197886337753205,128,128,paired ideal-statevector optimizer delta under identical initialization and equal evaluation cap
n12_d50_s17,3,2,0.713480108677276,0.7121146401261365,-0.0013654685511395037,128,128,paired ideal-statevector optimizer delta under identical initialization and equal evaluation cap
n12_d50_s17,3,3,0.6926270281273232,0.6810122101038776,-0.011614818023445661,128,128,paired ideal-statevector optimizer delta under identical initialization and equal evaluation cap
n12_d50_s17,3,4,0.6914274039176548,0.8294658906156424,0.13803848669798757,128,128,paired ideal-statevector optimizer delta under identical initialization and equal evaluation cap
n12_d50_s42,1,0,0.609375,0.6270423699424639,0.017667369942463873,6,128,paired ideal-statevector optimizer delta under identical initialization and equal evaluation cap
n12_d50_s42,1,1,0.6299441714395517,0.6377462832701022,0.007802111830550462,39,128,paired ideal-statevector optimizer delta under identical initialization and equal evaluation cap
n12_d50_s42,1,2,0.6093750000000044,0.6265093132203299,0.017134313220325437,24,128,paired ideal-statevector optimizer delta under identical initialization and equal evaluation cap
n12_d50_s42,1,3,0.6093750000000001,0.6382432061447004,0.028868206144700315,21,122,paired ideal-statevector optimizer delta under identical initialization and equal evaluation cap
n12_d50_s42,1,4,0.6093750000001619,0.6163889191574089,0.007013919157247028,42,128,paired ideal-statevector optimizer delta under identical initialization and equal evaluation cap
n12_d50_s42,2,0,0.6393594360009847,0.6417806308173033,0.002421194816318639,105,128,paired ideal-statevector optimizer delta under identical initialization and equal evaluation cap
n12_d50_s42,2,1,0.6093750000000602,0.7592109954489203,0.14983599544886017,15,128,paired ideal-statevector optimizer delta under identical initialization and equal evaluation cap
n12_d50_s42,2,2,0.6337253962432354,0.6318360126309472,-0.0018893836122881869,128,128,paired ideal-statevector optimizer delta under identical initialization and equal evaluation cap
n12_d50_s42,2,3,0.6433769990017755,0.6430527655837578,-0.00032423341801768313,120,128,paired ideal-statevector optimizer delta under identical initialization and equal evaluation cap
n12_d50_s42,2,4,0.7596351212598156,0.7592103753318575,-0.0004247459279580479,128,128,paired ideal-statevector optimizer delta under identical initialization and equal evaluation cap
n12_d50_s42,3,0,0.6169428543108064,0.7582329818424811,0.1412901275316747,128,128,paired ideal-statevector optimizer delta under identical initialization and equal evaluation cap
n12_d50_s42,3,1,0.6374547234734873,0.759714164370313,0.12225944089682572,128,128,paired ideal-statevector optimizer delta under identical initialization and equal evaluation cap
n12_d50_s42,3,2,0.6449378317876688,0.6595241664440643,0.014586334656395472,128,128,paired ideal-statevector optimizer delta under identical initialization and equal evaluation cap
n12_d50_s42,3,3,0.6362710226289706,0.6525492909641917,0.016278268335221058,128,128,paired ideal-statevector optimizer delta under identical initialization and equal evaluation cap
n12_d50_s42,3,4,0.6404757677431785,0.6283948147240126,-0.012080953019165896,128,128,paired ideal-statevector optimizer delta under identical initialization and equal evaluation cap
n12_d75_s17,1,0,0.7422249074388297,0.7371930839591949,-0.005031823479634823,45,76,paired ideal-statevector optimizer delta under identical initialization and equal evaluation cap
n12_d75_s17,1,1,0.7439599631786024,0.7439438516275908,-1.6111551011555036e-05,36,128,paired ideal-statevector optimizer delta under identical initialization and equal evaluation cap
n12_d75_s17,1,2,0.7347560975609755,0.742224831376863,0.007468733815887529,51,128,paired ideal-statevector optimizer delta under identical initialization and equal evaluation cap
n12_d75_s17,1,3,0.7374909479158673,0.7500701243011116,0.012579176385244306,54,128,paired ideal-statevector optimizer delta under identical initialization and equal evaluation cap
n12_d75_s17,1,4,0.7347560975609756,0.7422247394296859,0.007468641868710324,33,128,paired ideal-statevector optimizer delta under identical initialization and equal evaluation cap
n12_d75_s17,2,0,0.7403883026177294,0.7419936928353749,0.001605390217645497,128,128,paired ideal-statevector optimizer delta under identical initialization and equal evaluation cap
n12_d75_s17,2,1,0.7414969628518255,0.7400025964066831,-0.0014943664451424477,128,128,paired ideal-statevector optimizer delta under identical initialization and equal evaluation cap
n12_d75_s17,2,2,0.7425790602565601,0.7439635836692051,0.0013845234126450556,110,128,paired ideal-statevector optimizer delta under identical initialization and equal evaluation cap
n12_d75_s17,2,3,0.7460155500636613,0.7390512157344548,-0.006964334329206512,128,128,paired ideal-statevector optimizer delta under identical initialization and equal evaluation cap
n12_d75_s17,2,4,0.7503046468631186,0.7480464288720748,-0.002258217991043754,128,128,paired ideal-statevector optimizer delta under identical initialization and equal evaluation cap
n12_d75_s17,3,0,0.8455345086086448,0.8409747733898435,-0.004559735218801264,128,128,paired ideal-statevector optimizer delta under identical initialization and equal evaluation cap
n12_d75_s17,3,1,0.7399356465049493,0.7405026383131122,0.0005669918081629977,128,128,paired ideal-statevector optimizer delta under identical initialization and equal evaluation cap
n12_d75_s17,3,2,0.7429340917356777,0.7424171402057451,-0.0005169515299325855,128,128,paired ideal-statevector optimizer delta under identical initialization and equal evaluation cap
n12_d75_s17,3,3,0.740007917607901,0.7424910811388715,0.0024831635309705558,128,128,paired ideal-statevector optimizer delta under identical initialization and equal evaluation cap
n12_d75_s17,3,4,0.8461258162170345,0.8460521596937887,-7.365652324586858e-05,128,128,paired ideal-statevector optimizer delta under identical initialization and equal evaluation cap
n12_d75_s42,1,0,0.8203646799997,0.8203646799628121,-3.68878261269856e-11,87,123,paired ideal-statevector optimizer delta under identical initialization and equal evaluation cap
n12_d75_s42,1,1,0.7114285714285767,0.82036466384124,0.10893609241266322,33,128,paired ideal-statevector optimizer delta under identical initialization and equal evaluation cap
n12_d75_s42,1,2,0.7173215986225158,0.8203646799994928,0.10304308137697704,33,78,paired ideal-statevector optimizer delta under identical initialization and equal evaluation cap
n12_d75_s42,1,3,0.7114285714285714,0.7196050128744079,0.008176441445836513,6,128,paired ideal-statevector optimizer delta under identical initialization and equal evaluation cap
n12_d75_s42,1,4,0.7173215986225158,0.8203646662265328,0.10304306760401705,48,128,paired ideal-statevector optimizer delta under identical initialization and equal evaluation cap
n12_d75_s42,2,0,0.7114285714285714,0.7180379398993958,0.006609368470824384,10,128,paired ideal-statevector optimizer delta under identical initialization and equal evaluation cap
n12_d75_s42,2,1,0.7142008467745625,0.7150780861794479,0.0008772394048853771,110,128,paired ideal-statevector optimizer delta under identical initialization and equal evaluation cap
n12_d75_s42,2,2,0.711428571428572,0.8199958341198366,0.1085672626912646,20,128,paired ideal-statevector optimizer delta under identical initialization and equal evaluation cap
n12_d75_s42,2,3,0.8203635230126374,0.7281173498648909,-0.09224617314774652,128,128,paired ideal-statevector optimizer delta under identical initialization and equal evaluation cap
n12_d75_s42,2,4,0.7155868753810887,0.7155861522660191,-7.23115069600766e-07,128,128,paired ideal-statevector optimizer delta under identical initialization and equal evaluation cap
n12_d75_s42,3,0,0.7534609128544284,0.8201257937038349,0.06666488084940647,128,128,paired ideal-statevector optimizer delta under identical initialization and equal evaluation cap
n12_d75_s42,3,1,0.7313363844445989,0.7327569659418551,0.0014205814972562125,128,128,paired ideal-statevector optimizer delta under identical initialization and equal evaluation cap
n12_d75_s42,3,2,0.7978363971071176,0.7187303175684384,-0.07910607953867921,128,128,paired ideal-statevector optimizer delta under identical initialization and equal evaluation cap
n12_d75_s42,3,3,0.7114285714327401,0.7207040999479467,0.009275528515206632,70,128,paired ideal-statevector optimizer delta under identical initialization and equal evaluation cap
n12_d75_s42,3,4,0.7239003871908355,0.7202669452241094,-0.003633441966726103,128,128,paired ideal-statevector optimizer delta under identical initialization and equal evaluation cap
n8_d25_s17,1,0,0.6008465300672695,0.596056261686916,-0.004790268380353568,60,102,paired ideal-statevector optimizer delta under identical initialization and equal evaluation cap
n8_d25_s17,1,1,0.6563318988134534,0.6563318988126416,-8.117950756059145e-13,39,59,paired ideal-statevector optimizer delta under identical initialization and equal evaluation cap
n8_d25_s17,1,2,0.6876123048031427,0.6876123048003888,-2.753908212582701e-12,128,42,paired ideal-statevector optimizer delta under identical initialization and equal evaluation cap
n8_d25_s17,1,3,0.6543145397182732,0.596341839360085,-0.057972700358188245,36,117,paired ideal-statevector optimizer delta under identical initialization and equal evaluation cap
n8_d25_s17,1,4,0.6852664621661477,0.6852664621642504,-1.8973711490843925e-12,42,77,paired ideal-statevector optimizer delta under identical initialization and equal evaluation cap
n8_d25_s17,2,0,0.6856083725541673,0.6654259974802779,-0.020182375073889425,128,128,paired ideal-statevector optimizer delta under identical initialization and equal evaluation cap
n8_d25_s17,2,1,0.6660895070998132,0.7167175297718298,0.050628022672016604,128,128,paired ideal-statevector optimizer delta under identical initialization and equal evaluation cap
n8_d25_s17,2,2,0.7063986553977235,0.7002849498611277,-0.006113705536595848,128,128,paired ideal-statevector optimizer delta under identical initialization and equal evaluation cap
n8_d25_s17,2,3,0.7137925049940514,0.7840632646758166,0.0702707596817651,90,128,paired ideal-statevector optimizer delta under identical initialization and equal evaluation cap
n8_d25_s17,2,4,0.7307940586857101,0.730774876358766,-1.918232694408939e-05,85,128,paired ideal-statevector optimizer delta under identical initialization and equal evaluation cap
n8_d25_s17,3,0,0.8090113686280098,0.8193547093885686,0.010343340760558761,128,128,paired ideal-statevector optimizer delta under identical initialization and equal evaluation cap
n8_d25_s17,3,1,0.727354986921022,0.6929886185498747,-0.03436636837114726,128,128,paired ideal-statevector optimizer delta under identical initialization and equal evaluation cap
n8_d25_s17,3,2,0.7209989152421172,0.7219713487477052,0.0009724335055879552,128,128,paired ideal-statevector optimizer delta under identical initialization and equal evaluation cap
n8_d25_s17,3,3,0.7737145050040629,0.8127781965534482,0.03906369154938527,128,128,paired ideal-statevector optimizer delta under identical initialization and equal evaluation cap
n8_d25_s17,3,4,0.6749949459517126,0.8460079096167762,0.17101296366506358,128,128,paired ideal-statevector optimizer delta under identical initialization and equal evaluation cap
n8_d25_s42,1,0,0.6129032258064536,0.8092957352185838,0.19639250941213016,27,95,paired ideal-statevector optimizer delta under identical initialization and equal evaluation cap
n8_d25_s42,1,1,0.8356817470731379,0.8356817470685401,-4.597766611880161e-12,39,126,paired ideal-statevector optimizer delta under identical initialization and equal evaluation cap
n8_d25_s42,1,2,0.6129032258064617,0.8356817470719167,0.22277852126545494,12,71,paired ideal-statevector optimizer delta under identical initialization and equal evaluation cap
n8_d25_s42,1,3,0.704183788028595,0.704183787978297,-5.0298099019130404e-11,42,128,paired ideal-statevector optimizer delta under identical initialization and equal evaluation cap
n8_d25_s42,1,4,0.7692413043283066,0.7614259665287356,-0.007815337799570998,42,128,paired ideal-statevector optimizer delta under identical initialization and equal evaluation cap
n8_d25_s42,2,0,0.8657601522148348,0.8657551182971653,-5.0339176694835785e-06,105,128,paired ideal-statevector optimizer delta under identical initialization and equal evaluation cap
n8_d25_s42,2,1,0.8975804966028558,0.8206580731904846,-0.07692242341237121,110,128,paired ideal-statevector optimizer delta under identical initialization and equal evaluation cap
n8_d25_s42,2,2,0.8418785035914998,0.8238854939646939,-0.017993009626805945,128,128,paired ideal-statevector optimizer delta under identical initialization and equal evaluation cap
n8_d25_s42,2,3,0.8371306588058536,0.8513012308861145,0.014170572080260957,128,128,paired ideal-statevector optimizer delta under identical initialization and equal evaluation cap
n8_d25_s42,2,4,0.6129032258064526,0.855982462571453,0.24307923676500043,25,128,paired ideal-statevector optimizer delta under identical initialization and equal evaluation cap
n8_d25_s42,3,0,0.8767412277546401,0.8766371336365252,-0.00010409411811496128,128,128,paired ideal-statevector optimizer delta under identical initialization and equal evaluation cap
n8_d25_s42,3,1,0.7732442006108377,0.8800403022794405,0.10679610166860287,128,128,paired ideal-statevector optimizer delta under identical initialization and equal evaluation cap
n8_d25_s42,3,2,0.885702621088614,0.8600436630734043,-0.025658958015209676,128,128,paired ideal-statevector optimizer delta under identical initialization and equal evaluation cap
n8_d25_s42,3,3,0.8876484675520749,0.8355433648283451,-0.05210510272372981,128,128,paired ideal-statevector optimizer delta under identical initialization and equal evaluation cap
n8_d25_s42,3,4,0.907276325120469,0.8953498691033467,-0.011926456017122278,128,128,paired ideal-statevector optimizer delta under identical initialization and equal evaluation cap
n8_d50_s17,1,0,0.6666666666666672,0.7194412672230767,0.05277460055640948,15,128,paired ideal-statevector optimizer delta under identical initialization and equal evaluation cap
n8_d50_s17,1,1,0.7421207341802005,0.728684844557176,-0.013435889623024555,45,79,paired ideal-statevector optimizer delta under identical initialization and equal evaluation cap
n8_d50_s17,1,2,0.666666666666667,0.7267655721833405,0.06009890551667352,21,128,paired ideal-statevector optimizer delta under identical initialization and equal evaluation cap
n8_d50_s17,1,3,0.7303565845790424,0.7303564351617751,-1.4941726733663785e-07,42,128,paired ideal-statevector optimizer delta under identical initialization and equal evaluation cap
n8_d50_s17,1,4,0.666666666666667,0.7525423498924102,0.08587568322574324,18,128,paired ideal-statevector optimizer delta under identical initialization and equal evaluation cap
n8_d50_s17,2,0,0.7727271218000386,0.7726357746993366,-9.134710070191066e-05,80,128,paired ideal-statevector optimizer delta under identical initialization and equal evaluation cap
n8_d50_s17,2,1,0.666666666666667,0.8569948757011688,0.19032820903450187,25,128,paired ideal-statevector optimizer delta under identical initialization and equal evaluation cap
n8_d50_s17,2,2,0.8570948902929406,0.7451009074966582,-0.11199398279628237,90,28,paired ideal-statevector optimizer delta under identical initialization and equal evaluation cap
n8_d50_s17,2,3,0.8054112610935403,0.8052842570175471,-0.00012700407599319785,128,128,paired ideal-statevector optimizer delta under identical initialization and equal evaluation cap
n8_d50_s17,2,4,0.7587389170798329,0.7334940266870963,-0.025244890392736585,125,128,paired ideal-statevector optimizer delta under identical initialization and equal evaluation cap
n8_d50_s17,3,0,0.7810146241362863,0.8768848823401474,0.09587025820386108,128,128,paired ideal-statevector optimizer delta under identical initialization and equal evaluation cap
n8_d50_s17,3,1,0.7809111494078295,0.7156161830459878,-0.06529496636184162,128,128,paired ideal-statevector optimizer delta under identical initialization and equal evaluation cap
n8_d50_s17,3,2,0.8068335923513847,0.8430558793563044,0.036222287004919695,128,128,paired ideal-statevector optimizer delta under identical initialization and equal evaluation cap
n8_d50_s17,3,3,0.8115092194488728,0.8300193895543667,0.01851017010549394,128,128,paired ideal-statevector optimizer delta under identical initialization and equal evaluation cap
n8_d50_s17,3,4,0.8510671673003676,0.791980742491311,-0.05908642480905657,128,128,paired ideal-statevector optimizer delta under identical initialization and equal evaluation cap
n8_d50_s42,1,0,0.6799675435378533,0.6737741338931776,-0.006193409644675629,63,120,paired ideal-statevector optimizer delta under identical initialization and equal evaluation cap
n8_d50_s42,1,1,0.6416666666666669,0.6834125464519599,0.04174587978529298,18,81,paired ideal-statevector optimizer delta under identical initialization and equal evaluation cap
n8_d50_s42,1,2,0.6737741339526394,0.814374743170211,0.14060060921757156,60,114,paired ideal-statevector optimizer delta under identical initialization and equal evaluation cap
n8_d50_s42,1,3,0.6954751582651901,0.6737741339474955,-0.021701024317694606,45,125,paired ideal-statevector optimizer delta under identical initialization and equal evaluation cap
n8_d50_s42,1,4,0.6921958174628675,0.6537573848056293,-0.03843843265723823,39,128,paired ideal-statevector optimizer delta under identical initialization and equal evaluation cap
n8_d50_s42,2,0,0.7012386141503033,0.7250514188189502,0.02381280466864688,115,128,paired ideal-statevector optimizer delta under identical initialization and equal evaluation cap
n8_d50_s42,2,1,0.6416666666666858,0.7550685153541483,0.1134018486874625,25,128,paired ideal-statevector optimizer delta under identical initialization and equal evaluation cap
n8_d50_s42,2,2,0.6416666666666672,0.7180030867302203,0.07633642006355312,25,128,paired ideal-statevector optimizer delta under identical initialization and equal evaluation cap
n8_d50_s42,2,3,0.6416666666667157,0.7243376685580979,0.08267100189138221,15,128,paired ideal-statevector optimizer delta under identical initialization and equal evaluation cap
n8_d50_s42,2,4,0.8144991798097359,0.8143656822224327,-0.0001334975873031885,100,128,paired ideal-statevector optimizer delta under identical initialization and equal evaluation cap
n8_d50_s42,3,0,0.6839425601288965,0.7151142907326024,0.031171730603705816,84,128,paired ideal-statevector optimizer delta under identical initialization and equal evaluation cap
n8_d50_s42,3,1,0.6988636397252639,0.7108215983911457,0.011957958665881785,128,128,paired ideal-statevector optimizer delta under identical initialization and equal evaluation cap
n8_d50_s42,3,2,0.6416666666667008,0.8449866676932634,0.20332000102656256,56,128,paired ideal-statevector optimizer delta under identical initialization and equal evaluation cap
n8_d50_s42,3,3,0.6416666666666678,0.7620757367958572,0.12040907012918933,42,128,paired ideal-statevector optimizer delta under identical initialization and equal evaluation cap
n8_d50_s42,3,4,0.7161659734641445,0.6961640234354199,-0.020001950028724513,128,128,paired ideal-statevector optimizer delta under identical initialization and equal evaluation cap
n8_d75_s17,1,0,0.6611111111111111,0.7995618119093939,0.1384507007982828,6,128,paired ideal-statevector optimizer delta under identical initialization and equal evaluation cap
n8_d75_s17,1,1,0.6939562194926275,0.6939557551564023,-4.643362252476635e-07,36,128,paired ideal-statevector optimizer delta under identical initialization and equal evaluation cap
n8_d75_s17,1,2,0.6611111111111114,0.6867221896236376,0.025611078512526197,24,128,paired ideal-statevector optimizer delta under identical initialization and equal evaluation cap
n8_d75_s17,1,3,0.6939562194926326,0.6939529979265896,-3.2215660430434667e-06,48,128,paired ideal-statevector optimizer delta under identical initialization and equal evaluation cap
n8_d75_s17,1,4,0.7083539573335328,0.7082934312192115,-6.0526114321279856e-05,48,128,paired ideal-statevector optimizer delta under identical initialization and equal evaluation cap
n8_d75_s17,2,0,0.661111111111112,0.6896547209698577,0.02854360985874571,25,128,paired ideal-statevector optimizer delta under identical initialization and equal evaluation cap
n8_d75_s17,2,1,0.7067756078703209,0.7241689451747964,0.017393337304475454,128,128,paired ideal-statevector optimizer delta under identical initialization and equal evaluation cap
n8_d75_s17,2,2,0.705178368510592,0.7102401491879211,0.005061780677329097,128,128,paired ideal-statevector optimizer delta under identical initialization and equal evaluation cap
n8_d75_s17,2,3,0.7049120104836517,0.7034329155250488,-0.0014790949586028779,120,128,paired ideal-statevector optimizer delta under identical initialization and equal evaluation cap
n8_d75_s17,2,4,0.7334188128828739,0.7008951354581119,-0.03252367742476203,125,128,paired ideal-statevector optimizer delta under identical initialization and equal evaluation cap
n8_d75_s17,3,0,0.7083424422280182,0.7008262081333894,-0.007516234094628871,128,128,paired ideal-statevector optimizer delta under identical initialization and equal evaluation cap
n8_d75_s17,3,1,0.7051124021658343,0.7191999291979964,0.014087527032162095,128,128,paired ideal-statevector optimizer delta under identical initialization and equal evaluation cap
n8_d75_s17,3,2,0.6954708663750148,0.6944974375467761,-0.0009734288282386983,128,128,paired ideal-statevector optimizer delta under identical initialization and equal evaluation cap
n8_d75_s17,3,3,0.7155806259867338,0.7055730669227244,-0.010007559064009408,128,128,paired ideal-statevector optimizer delta under identical initialization and equal evaluation cap
n8_d75_s17,3,4,0.7266639561873148,0.7194035467819895,-0.007260409405325352,128,128,paired ideal-statevector optimizer delta under identical initialization and equal evaluation cap
n8_d75_s42,1,0,0.6684782608695655,0.7126070376435847,0.04412877677401916,24,15,paired ideal-statevector optimizer delta under identical initialization and equal evaluation cap
n8_d75_s42,1,1,0.681606143336956,0.6815660886111435,-4.0054725812477265e-05,42,128,paired ideal-statevector optimizer delta under identical initialization and equal evaluation cap
n8_d75_s42,1,2,0.6816061433369317,0.7673356611989475,0.08572951786201577,48,128,paired ideal-statevector optimizer delta under identical initialization and equal evaluation cap
n8_d75_s42,1,3,0.6744679423103398,0.7012656429654277,0.026797700655087908,39,128,paired ideal-statevector optimizer delta under identical initialization and equal evaluation cap
n8_d75_s42,1,4,0.7025556110724276,0.8081414193902241,0.10558580831779651,48,128,paired ideal-statevector optimizer delta under identical initialization and equal evaluation cap
n8_d75_s42,2,0,0.7683548127520156,0.7165626312151999,-0.05179218153681564,128,128,paired ideal-statevector optimizer delta under identical initialization and equal evaluation cap
n8_d75_s42,2,1,0.7304135758618563,0.703330581609756,-0.027082994252100256,128,128,paired ideal-statevector optimizer delta under identical initialization and equal evaluation cap
n8_d75_s42,2,2,0.7110862599459106,0.7082077499943249,-0.0028785099515856727,128,128,paired ideal-statevector optimizer delta under identical initialization and equal evaluation cap
n8_d75_s42,2,3,0.8081414212430554,0.7110300719620429,-0.0971113492810125,95,128,paired ideal-statevector optimizer delta under identical initialization and equal evaluation cap
n8_d75_s42,2,4,0.8081717668198525,0.7016577916360965,-0.10651397518375594,128,128,paired ideal-statevector optimizer delta under identical initialization and equal evaluation cap
n8_d75_s42,3,0,0.7250154987616376,0.7208975625324608,-0.004117936229176777,128,128,paired ideal-statevector optimizer delta under identical initialization and equal evaluation cap
n8_d75_s42,3,1,0.7696581151123181,0.7238171426885603,-0.04584097242375773,128,128,paired ideal-statevector optimizer delta under identical initialization and equal evaluation cap
n8_d75_s42,3,2,0.6978610773057726,0.7183187399998291,0.020457662694056467,128,128,paired ideal-statevector optimizer delta under identical initialization and equal evaluation cap
n8_d75_s42,3,3,0.6684782608696486,0.7488700450726976,0.08039178420304904,56,128,paired ideal-statevector optimizer delta under identical initialization and equal evaluation cap
n8_d75_s42,3,4,0.6986302610893099,0.7189502221451431,0.020319961055833224,128,128,paired ideal-statevector optimizer delta under identical initialization and equal evaluation cap
