instance_id,p,optimizer_seed,expectation_p_target,threshold_p_target,expectation_approx_ratio,threshold_approx_ratio,expectation_p_opt,threshold_p_opt,expectation_evals,threshold_evals,initialization_identical,delta_p_target,delta_approx_ratio
n10_d25_s17,1,0,0.19246716926614282,0.19639695839398047,0.5712805533308688,0.5696799676057983,0.016285119688281852,0.015889292458609785,45,33,True,0.003929789127837646,-0.0016005857250704913
n10_d25_s17,1,1,0.48336165749630156,0.48464012479910756,0.7123615536214829,0.7118682253999283,0.07657574086681052,0.07940437986076591,45,42,True,0.0012784673028060078,-0.0004933282215545676
n10_d25_s17,1,2,0.08593750000001732,0.4846401247991083,0.5000000000000165,0.7118682245342743,0.003906250000001284,0.07940438098726106,15,39,True,0.39870262479909097,0.2118682245342578
n10_d25_s17,1,3,0.08593750000000001,0.1931875128362314,0.5000000000000001,0.5620550470431122,0.003906250000000002,0.02367307965168764,27,39,True,0.10725001283623138,0.062055047043112044
n10_d25_s17,1,4,0.08593750000000001,0.19162127948476648,0.5000000000000001,0.5254495804342384,0.003906250000000002,0.0016302001149918835,24,45,True,0.10568377948476647,0.025449580434238284
n10_d25_s17,2,0,0.35780891757459904,0.359710939203278,0.6360068719673515,0.6353278072858743,0.020408736116536236,0.020009869547257423,105,95,True,0.0019020216286789737,-0.0006790646814771595
n10_d25_s17,2,1,0.08593750000000001,0.32614117875378,0.5000000000000001,0.6178378612649634,0.003906250000000002,0.011701812601784213,25,128,True,0.24020367875378001,0.11783786126496332
n10_d25_s17,2,2,0.2415127379833017,0.21778748736046036,0.6062285353014141,0.5535852435764742,0.04370597368056425,0.003637522451773533,115,128,True,-0.023725250622841337,-0.05264329172493987
n10_d25_s17,2,3,0.17486883543478482,0.22072518168316868,0.6103451340121129,0.6040291255204412,0.018710894046627798,0.04583389878279888,128,128,True,0.04585634624838386,-0.006316008491671687
n10_d25_s17,2,4,0.1911571180712121,0.2046961658624213,0.525552826745525,0.5799661342058049,0.001863082403336275,0.0075682065955898345,65,100,True,0.01353904779120918,0.05441330746027995
n10_d25_s17,3,0,0.43576454903403605,0.27014092833308,0.6421493493785321,0.60940902821053,0.013010599189090078,0.020859018525344695,128,128,True,-0.16562362070095604,-0.03274032116800207
n10_d25_s17,3,1,0.2320134677888628,0.19438427506324701,0.6044657703091266,0.528426516934992,0.03130972987548346,0.0009886881707254311,128,128,True,-0.037629192725615795,-0.07603925337413464
n10_d25_s17,3,2,0.3824257796187768,0.43080029784267104,0.6446586636987733,0.6360788832733711,0.018263985760389057,0.00788128597224368,128,128,True,0.04837451822389427,-0.008579780425402195
n10_d25_s17,3,3,0.08593750000106301,0.32277178167695825,0.5000000000010368,0.6113091399285829,0.003906250000078597,0.017470773542290124,49,128,True,0.23683428167589524,0.1113091399275461
n10_d25_s17,3,4,0.48837818927370613,0.4144077978693673,0.713598693501009,0.6682875430555353,0.08055216027769183,0.0802491889930356,128,128,True,-0.07397039140433881,-0.045311150445473736
n10_d25_s42,1,0,0.4252661767716043,0.4262550774170377,0.7242677288609599,0.7237980627644788,0.04106744192725399,0.04162968150872799,42,39,True,0.0009889006454334437,-0.0004696660964811361
n10_d25_s42,1,1,0.21828866145847498,0.22404522946104072,0.6183676693841444,0.615808075518071,0.021226583121468027,0.021112182522454788,45,42,True,0.005756568002565743,-0.0025595938660734063
n10_d25_s42,1,2,0.12500000000000003,0.22404522946104094,0.5500000000000002,0.6158080753832631,0.007812500000000003,0.0211121824398171,27,36,True,0.09904522946104091,0.06580807538326294
n10_d25_s42,1,3,0.4252661776462656,0.42625507741703805,0.7242677288609599,0.7237980619773872,0.0410674416803658,0.041629681069267205,36,36,True,0.0009888997707724334,-0.0004696668835727502
n10_d25_s42,1,4,0.12500000000000003,0.23404344548037778,0.5500000000000002,0.6217519302615621,0.007812500000000003,0.020308091287203865,21,48,True,0.10904344548037775,0.0717519302615619
n10_d25_s42,2,0,0.3295371208805098,0.33855418448688945,0.6798152171024526,0.6738883877917448,0.046173049864218565,0.04801645647187387,125,125,True,0.00901706360637966,-0.005926829310707871
n10_d25_s42,2,1,0.12500000000001682,0.3861405687273644,0.5500000000000148,0.6910450858929553,0.007812500000001608,0.07765528315705242,35,90,True,0.2611405687273476,0.1410450858929405
n10_d25_s42,2,2,0.31216139632055173,0.3157217430599856,0.674475057086683,0.6722137176381893,0.030306813970930754,0.031200781758183225,105,95,True,0.003560346739433895,-0.0022613394484937155
n10_d25_s42,2,3,0.7488100812274909,0.7684516888451527,0.8375908671018596,0.8410184115503307,0.13913299812906874,0.13244245400797994,128,128,True,0.01964160761766176,0.0034275444484711537
n10_d25_s42,2,4,0.12500000000001155,0.7624663661949747,0.5500000000000101,0.8393359092919885,0.0078125000000011,0.13714161203673314,20,128,True,0.6374663661949631,0.2893359092919784
n10_d25_s42,3,0,0.40383408800575693,0.27863014212770393,0.7250781712320172,0.6503677911863178,0.0429934821715919,0.04004696226628366,128,128,True,-0.125203945878053,-0.07471038004569941
n10_d25_s42,3,1,0.5025950886841994,0.5090891659284142,0.7499614989773441,0.7306860282776914,0.07489018475426996,0.05328428926292317,128,128,True,0.006494077244214802,-0.01927547069965274
n10_d25_s42,3,2,0.12499999999999772,0.4215509645783013,0.549999999999999,0.719437515392562,0.007812500000000208,0.09587178429341207,42,128,True,0.2965509645783036,0.1694375153925629
n10_d25_s42,3,3,0.1250000000000671,0.7519518174838347,0.5500000000000621,0.8372375574850617,0.007812500000006375,0.1389014532463273,35,128,True,0.6269518174837676,0.2872375574849996
n10_d25_s42,3,4,0.33936134664534745,0.3923492694775178,0.6825360511460268,0.7057399520020027,0.03670111543895207,0.042816804523770485,128,128,True,0.05298792283217035,0.0232039008559759
n10_d50_s17,1,0,0.04043476302454833,0.04483400357359134,0.6594015701400656,0.6568008609137452,0.003118390186459633,0.0050165029648480035,42,36,True,0.004399240549043011,-0.0026007092263203857
n10_d50_s17,1,1,0.027343750000003653,0.035969181305615563,0.6357142857142967,0.6539217613423691,0.003906250000000619,0.004469529052851313,12,57,True,0.00862543130561191,0.018207475628072456
n10_d50_s17,1,2,0.04776433646587659,0.0518593119914777,0.6848773178782266,0.6839161401677125,0.004601771633149002,0.00545297552197405,51,33,True,0.004094975525601105,-0.0009611777105140717
n10_d50_s17,1,3,0.02734375000000003,0.029420180827131576,0.6357142857142863,0.6329951814859622,0.003906250000000005,0.003638481546818945,54,30,True,0.0020764308271315444,-0.0027191042283241096
n10_d50_s17,1,4,0.04776434443521126,0.06227926398898483,0.6848773178782283,0.6746398937927406,0.004601772942860049,0.004598082060551306,57,57,True,0.01451491955377357,-0.010237424085487667
n10_d50_s17,2,0,0.08440388231832664,0.0694795958204841,0.7576750258873345,0.6714110848674736,0.013676445176016516,0.0011170617868578477,128,128,True,-0.01492428649784254,-0.0862639410198609
n10_d50_s17,2,1,0.17592234158909523,0.03568298340241941,0.7955597554804618,0.6539779569772358,0.0402023213662667,0.0024934875128446925,120,65,True,-0.14023935818667582,-0.14158179850322594
n10_d50_s17,2,2,0.027343750000000028,0.20424632796417272,0.6357142857142861,0.7783369563320124,0.0039062500000000035,0.05013436065995434,50,128,True,0.1769025779641727,0.14262267061772627
n10_d50_s17,2,3,0.17889082070997947,0.21718133567738634,0.7962374890947757,0.771366141184246,0.04300605413960534,0.051625774118935645,128,128,True,0.038290514967406875,-0.024871347910529695
n10_d50_s17,2,4,0.027343750000020924,0.0782030584188994,0.6357142857143523,0.6796334800122955,0.003906250000003546,0.004009344610405257,20,128,True,0.050859308418878466,0.04391919429794322
n10_d50_s17,3,0,0.06507493152879737,0.06982557434076624,0.70240147624741,0.6704937930945379,0.0002854998468300667,0.013509819958791422,128,128,True,0.0047506428119688665,-0.03190768315287207
n10_d50_s17,3,1,0.02734375000001652,0.13780638609453022,0.6357142857143377,0.782649674347545,0.0039062500000028,0.023821756081576828,56,128,True,0.1104626360945137,0.1469353886332072
n10_d50_s17,3,2,0.14547126887118053,0.05341773455787167,0.7882558570994297,0.640342111651345,0.029034649575898033,0.004138754475020418,128,128,True,-0.09205353431330887,-0.14791374544808467
n10_d50_s17,3,3,0.021170400679822652,0.05551125151832856,0.6814419908797138,0.6565196229290746,0.00324367658621915,0.010090582734900728,128,128,True,0.03434085083850591,-0.02492236795063918
n10_d50_s17,3,4,0.16029095099673646,0.13646953278245866,0.7675484706976703,0.710730817022639,0.03863311479193719,0.0177982830892231,128,128,True,-0.0238214182142778,-0.05681765367503133
n10_d50_s42,1,0,0.07651857894040881,0.07907875332255904,0.6170303194237468,0.6162089362081681,0.004050239918661698,0.003802794133771448,39,39,True,0.0025601743821502265,-0.0008213832155786749
n10_d50_s42,1,1,0.10720716844769071,0.06970896872333426,0.6279917158831207,0.5953418066224446,0.011269261318951618,0.0008659958123042774,48,48,True,-0.037498199724356446,-0.032649909260676124
n10_d50_s42,1,2,0.04687500000000004,0.08817337141350728,0.581521739130435,0.6135520030926301,0.0019531250000000017,0.0025420165968282143,15,57,True,0.04129837141350724,0.032030263962195105
n10_d50_s42,1,3,0.06889533935655828,0.08498656193383514,0.6135543044950118,0.6023924682349227,0.00025224052883225504,0.007637574840471643,33,33,True,0.016091222577276854,-0.011161836260089153
n10_d50_s42,1,4,0.04687500000000004,0.08817337141350726,0.581521739130435,0.6135520052160581,0.0019531250000000017,0.0025420162952207105,21,51,True,0.041298371413507215,0.032030266085623094
n10_d50_s42,2,0,0.06986725881256167,0.12954702042072797,0.6119666333343919,0.6239113049860215,0.004279460566244772,0.01119385513756479,128,128,True,0.05967976160816629,0.011944671651629601
n10_d50_s42,2,1,0.09771117620810554,0.10053679746256411,0.6369622761624206,0.5888124556662457,0.004310292934293686,0.007439842927078388,128,128,True,0.0028256212544585657,-0.04814982049617489
n10_d50_s42,2,2,0.33781109007403554,0.078855099834088,0.7505963443252983,0.5812188569954988,0.044126892410701606,0.00045016880652218484,90,125,True,-0.25895599023994753,-0.16937748732979951
n10_d50_s42,2,3,0.046874999999999306,0.06710408521063921,0.5815217391304348,0.5765447821143282,0.0019531249999997602,0.0006726496702025947,30,110,True,0.020229085210639902,-0.004976957016106565
n10_d50_s42,2,4,0.0865340659782401,0.08500304486934201,0.6290064645419559,0.5940946019981785,0.0015148492953399812,0.01416397625176322,128,128,True,-0.0015310211088980785,-0.03491186254377732
n10_d50_s42,3,0,0.4892470118255149,0.364511136274723,0.8000956306865357,0.7463740366146537,0.10556510783460653,0.043755649466578304,128,128,True,-0.12473587555079191,-0.05372159407188193
n10_d50_s42,3,1,0.046875000000013226,0.09588718341730038,0.5815217391304535,0.5948089422523258,0.001953125000000831,0.0007592314027998496,28,128,True,0.04901218341728715,0.01328720312187237
n10_d50_s42,3,2,0.12011615009248439,0.1126366605896928,0.6284955802582168,0.5709275251910918,0.017236271156749677,0.012492122031812037,128,128,True,-0.007479489502791592,-0.057568055067125035
n10_d50_s42,3,3,0.10665960358708569,0.1466417509422075,0.6279995925704682,0.652934375808001,0.011018444524377217,0.023418260141740404,128,128,True,0.0399821473551218,0.02493478323753273
n10_d50_s42,3,4,0.05545179215373479,0.35640975920404383,0.6009092843339738,0.7464403876699273,0.0006076544263819082,0.05179762769453391,128,128,True,0.300957967050309,0.14553110333595343
n10_d75_s17,1,0,0.00585937500000001,0.013244702795708246,0.7043478260869578,0.6981712234709709,0.003906250000000007,0.01052382783761955,15,36,True,0.007385327795708236,-0.006176602615986848
n10_d75_s17,1,1,0.005859375000000002,0.005912691417440017,0.7043478260869567,0.704237481538348,0.003906250000000002,0.0038752453049449055,24,21,True,5.331641744001515e-05,-0.00011034454860869847
n10_d75_s17,1,2,0.004563715617079355,0.007054234481323338,0.727117067449618,0.6953823805595883,0.002655663103962331,0.0061325700198499155,42,39,True,0.0024905188642439834,-0.03173468689002967
n10_d75_s17,1,3,0.0016100106564047422,0.03090319396675001,0.7148858604073083,0.7547825930219894,0.0005588759750254368,0.003625151389466056,45,63,True,0.029293183310345267,0.039896732614681074
n10_d75_s17,1,4,0.009217129836396692,0.01082838934634427,0.7108751288837599,0.7092206626577479,0.006354892881434989,0.008756597815426544,48,36,True,0.0016112595099475775,-0.0016544662260120635
n10_d75_s17,2,0,0.0077646239873308594,0.06068941215731234,0.7290018383514281,0.7552183280930703,0.006086661297912693,0.003439941351637237,110,100,True,0.05292478816998148,0.026216489741642257
n10_d75_s17,2,1,0.015066701143569027,0.020905854316689412,0.7225995606860218,0.7076857249293863,0.008345136501083164,0.016489537545953843,110,110,True,0.005839153173120386,-0.014913835756635518
n10_d75_s17,2,2,0.0036640618425508387,0.026820184780723212,0.7305752595586471,0.6898081489675294,0.0032125025918365315,0.011012457515299902,100,128,True,0.023156122938172374,-0.040767110591117706
n10_d75_s17,2,3,0.0058593749999999506,0.04459197774462032,0.7043478260869576,0.7274136813099035,0.0039062499999999558,0.008515181747465848,25,128,True,0.03873260274462037,0.023065855222945908
n10_d75_s17,2,4,0.004121221256437695,0.010102201252998225,0.7277812300947328,0.714496172524855,0.003915043641476094,0.009277275244849344,120,128,True,0.005980979996560529,-0.013285057569877856
n10_d75_s17,3,0,0.0058593750000001926,0.016976904973825563,0.7043478260869556,0.7123953899517,0.003906250000000017,0.015708617150447277,28,128,True,0.01111752997382537,0.008047563864744478
n10_d75_s17,3,1,0.0058593750000369895,0.014695009784591529,0.7043478260873898,0.7097411718582699,0.003906250000024903,0.008652020033835453,49,128,True,0.00883563478455454,0.005393345770880131
n10_d75_s17,3,2,0.002963963245544297,0.015737711750390106,0.7266804448842337,0.7053731006463893,0.002319971838087689,0.010806211224230226,128,128,True,0.012773748504845809,-0.021307344237844417
n10_d75_s17,3,3,0.012582858736131547,0.017539679055841244,0.7321492580630852,0.7081535298202816,0.01125395852759085,0.009153069852039149,128,128,True,0.004956820319709697,-0.023995728242803605
n10_d75_s17,3,4,0.004803961264639546,0.019072236607868633,0.722519462424399,0.707650372884643,0.0029522016213626738,0.01878260362630449,128,128,True,0.014268275343229088,-0.014869089539755964
n10_d75_s42,1,0,0.05954412013495249,0.07449616029243261,0.6954457379557663,0.682452047847575,0.0036819325560066853,0.00209979808122125,66,84,True,0.014952040157480119,-0.012993690108191291
n10_d75_s42,1,1,0.08917831640914438,0.0699448245114314,0.7399784509539674,0.6966702460527917,0.002624822877508606,0.003310230355854103,30,48,True,-0.01923349189771298,-0.043308204901175706
n10_d75_s42,1,2,0.08699932394084336,0.08887916342186794,0.6869878908662367,0.6866239233705026,0.008477980836677968,0.007962344662602868,51,33,True,0.0018798394810245755,-0.0003639674957340855
n10_d75_s42,1,3,0.06765675331028768,0.08417348316582708,0.6980195602904173,0.6778733891279417,0.0019089735724164573,0.005304226223783518,84,36,True,0.016516729855539397,-0.020146171162475635
n10_d75_s42,1,4,0.05859375000008047,0.060568862595650926,0.6791044776120491,0.6800201047554095,0.0019531250000040376,0.0017586429930621294,30,33,True,0.001975112595570455,0.0009156271433604646
n10_d75_s42,2,0,0.07417015019010478,0.08934502345045216,0.7083958646372919,0.6913945460828563,0.004864040563912115,0.009864914579759687,128,128,True,0.015174873260347374,-0.01700131855443554
n10_d75_s42,2,1,0.07389659379127386,0.08887923441013446,0.6986208049799636,0.6807715896778307,0.005103175153919048,0.004281828907349043,110,128,True,0.014982640618860593,-0.017849215302132904
n10_d75_s42,2,2,0.058593750000014745,0.07991617613520825,0.6791044776119601,0.685179062676741,0.00195312500000074,0.001139730178287398,30,128,True,0.021322426135193508,0.006074585064780869
n10_d75_s42,2,3,0.07299392667127028,0.08104621146304605,0.7065463550880653,0.6859759567478273,0.001606630948489903,0.00038864593695612625,125,105,True,0.008052284791775777,-0.020570398340237994
n10_d75_s42,2,4,0.05629527555197564,0.0866110925167818,0.690631365029565,0.6855347737617039,0.00031275283779442484,0.004680437093183397,105,128,True,0.03031581696480616,-0.005096591267861106
n10_d75_s42,3,0,0.058593750000000146,0.08613021318829145,0.6791044776119423,0.6855038596203458,0.001953125000000005,0.004764417352263834,56,128,True,0.027536463188291303,0.006399382008403509
n10_d75_s42,3,1,0.05859375000000256,0.1311741414126064,0.6791044776119436,0.6962669257034044,0.0019531250000001292,0.011773182682146412,77,128,True,0.07258039141260383,0.017162448091460836
n10_d75_s42,3,2,0.0759677209610653,0.08665937977134859,0.7082683657439982,0.6897882968855338,0.004169786113659015,0.006534612075350355,84,128,True,0.010691658810283292,-0.018480068858464427
n10_d75_s42,3,3,0.058593750000014724,0.10055501199720322,0.6791044776119607,0.6905709335334401,0.001953125000000738,0.016853671898478383,49,128,True,0.0419612619971885,0.011466455921479435
n10_d75_s42,3,4,0.07505882354662459,0.08949739230833442,0.7009488548193548,0.6853909385574206,0.002953695119251137,0.004797879294541709,128,128,True,0.014438568761709833,-0.015557916261934146
n12_d25_s17,1,0,0.07982440592860746,0.11125478295623203,0.5710583253784283,0.5743190420664143,0.00010924421431949372,0.002794707403196806,39,42,True,0.03143037702762458,0.0032607166879859983
n12_d25_s17,1,1,0.46673585513419263,0.47335522473646835,0.7341604826476844,0.7318836126684322,0.022244334710946362,0.024970020103099927,42,45,True,0.006619369602275715,-0.0022768699792522495
n12_d25_s17,1,2,0.07982441907273145,0.08442549670605223,0.571058325378425,0.5679528391251374,0.00010924487308193753,0.0005734463871102253,39,36,True,0.00460107763332078,-0.0031054862532876593
n12_d25_s17,1,3,0.07324218750000006,0.13794064806646134,0.5370370370370371,0.5909233882078275,0.0009765625000000009,0.0028907866199323834,39,45,True,0.06469846056646128,0.053886351170790436
n12_d25_s17,1,4,0.18754998514250157,0.18777703745703267,0.6338761468350768,0.6337394207792318,0.0032906056423342507,0.0033797132440473317,39,39,True,0.00022705231453110097,-0.0001367260558449157
n12_d25_s17,2,0,0.07324218750001887,0.2140589721754943,0.5370370370370575,0.627481927025197,0.0009765625000004228,0.01237395576934161,30,75,True,0.14081678467547543,0.09044488998813949
n12_d25_s17,2,1,0.20618136575784235,0.20901279336195946,0.6404262698526955,0.6390701463938101,0.003630826941737877,0.0036859044509916635,115,115,True,0.002831427604117115,-0.001356123458885361
n12_d25_s17,2,2,0.07324218750111737,0.13219043243513373,0.5370370370382647,0.5809932316268765,0.000976562500024993,0.0021042320039934676,45,115,True,0.05894824493401636,0.043956194588611885
n12_d25_s17,2,3,0.4779301004399733,0.2487076913434345,0.7369296369824982,0.6465925146483928,0.025305923289407808,0.0010329908248451535,128,100,True,-0.2292224090965388,-0.0903371223341054
n12_d25_s17,2,4,0.15667474268394677,0.131255479952939,0.6061222488647008,0.5821727706126911,0.004747165202385893,0.0020843263519400726,110,60,True,-0.025419262731007752,-0.02394947825200966
n12_d25_s17,3,0,0.0732421875000002,0.18066351454693638,0.5370370370370379,0.6121638198956634,0.0009765624999999677,0.012476434595490485,28,128,True,0.10742132704693619,0.07512678285862551
n12_d25_s17,3,1,0.18754861614160862,0.12151351181582903,0.6338761447193655,0.5560778035466712,0.003290245878273535,0.0019606672163345966,128,128,True,-0.06603510432577958,-0.07779834117269424
n12_d25_s17,3,2,0.20147325142178685,0.21271768581127143,0.6371553649585949,0.6377733917173665,0.013713756096478114,0.003530095986634765,128,128,True,0.011244434389484581,0.0006180267587715393
n12_d25_s17,3,3,0.6445364815455135,0.3911892303488823,0.7855765773850192,0.7127486612440691,0.049291497263394865,0.020917236706331666,128,128,True,-0.25334725119663115,-0.07282791614095008
n12_d25_s17,3,4,0.07324218750001972,0.2026616820283269,0.5370370370370587,0.6269701895341944,0.000976562500000441,0.019360869141303264,21,128,True,0.1294194945283072,0.08993315249713563
n12_d25_s42,1,0,0.15968460343520308,0.1851220757671173,0.5729316582776353,0.5813951712972757,0.0004600848033554137,0.005537264883628491,51,36,True,0.025437472331914235,0.008463513019640434
n12_d25_s42,1,1,0.09521484375000006,0.15235029017993135,0.5241935483870969,0.5623584862415328,0.0004882812500000004,0.000394510201480133,9,33,True,0.05713544642993129,0.038164937854435976
n12_d25_s42,1,2,0.1468058691397093,0.1523502901799317,0.5648874118316224,0.5623584855488404,0.00044472357282189783,0.0003945101819007475,39,27,True,0.0055444210402224026,-0.002528926282782007
n12_d25_s42,1,3,0.09521484375000006,0.10783074118494188,0.5241935483870969,0.5342337335028412,0.0004882812500000004,0.0002791178032388209,30,27,True,0.01261589743494182,0.010040185115744338
n12_d25_s42,1,4,0.09521484375000006,0.10783074118494203,0.5241935483870969,0.5342337340129163,0.0004882812500000004,0.0002791177874832876,54,42,True,0.012615897434941972,0.010040185625819431
n12_d25_s42,2,0,0.17771664827886216,0.6799946107527584,0.5764132097890078,0.7705553577788852,0.005420106681335184,0.015919270628270938,110,128,True,0.5022779624738962,0.1941421479898774
n12_d25_s42,2,1,0.3023243205147323,0.3041363280390543,0.648445584378376,0.6476985753375784,0.004494064633458034,0.00428906697425822,105,95,True,0.0018120075243220346,-0.0007470090407976082
n12_d25_s42,2,2,0.09521484375000987,0.18512207576711753,0.5241935483871062,0.5813951711596247,0.0004882812500000865,0.005537264802984867,15,80,True,0.08990723201710767,0.0572016227725185
n12_d25_s42,2,3,0.15083267009971524,0.25943777792248757,0.5642296299276326,0.6242816461986057,0.00078211085161447,0.0016192066284704426,115,128,True,0.10860510782277233,0.06005201627097312
n12_d25_s42,2,4,0.09521484375000014,0.6351390690967749,0.5241935483870969,0.760831346863441,0.0004882812500000007,0.016161534730435616,15,105,True,0.5399242253467748,0.23663779847634414
n12_d25_s42,3,0,0.3227211556198536,0.23207191453816522,0.661094739911496,0.618164020721101,0.0008712664815581289,0.004632633219950248,128,128,True,-0.09064924108168837,-0.04293071919039504
n12_d25_s42,3,1,0.22427763730196765,0.2711412308337734,0.6205750187947269,0.6278569632144269,0.002418199984652983,0.00015992423763955347,128,128,True,0.04686359353180575,0.007281944419699982
n12_d25_s42,3,2,0.6836147072657964,0.2314341291095765,0.7769020327368231,0.6269527108713456,0.014028180968158183,1.657012880408094e-05,128,112,True,-0.4521805781562199,-0.1499493218654775
n12_d25_s42,3,3,0.6315300045417019,0.5488082533878763,0.7615551855382638,0.7306335533639297,0.015591603410221035,0.012063429564088537,128,128,True,-0.08272175115382563,-0.03092163217433419
n12_d25_s42,3,4,0.09521484375002967,0.3217201829665047,0.5241935483871247,0.656351034497662,0.0004882812500002606,0.0003830130905427947,35,128,True,0.226505339216475,0.13215748611053724
n12_d50_s17,1,0,0.010742187500000009,0.013059368651180667,0.6722689075630254,0.6677331622687743,0.0004882812500000004,0.00026793429240805827,12,42,True,0.002317181151180658,-0.004535745294251048
n12_d50_s17,1,1,0.009596789987927819,0.01838652289600931,0.6769140354776879,0.700060210536444,6.730486063082989e-05,0.000558417908457314,30,57,True,0.008789732908081492,0.023146175058756047
n12_d50_s17,1,2,0.018312839849638222,0.01780036335322376,0.6954926138253328,0.6865026765310344,0.00036045445428864773,2.335539911638358e-05,111,57,True,-0.0005124764964144629,-0.008989937294298422
n12_d50_s17,1,3,0.019412058675164014,0.02014856789175658,0.6837871000270399,0.6828966320674589,0.0010599246754870574,0.001096598707711211,51,54,True,0.0007365092165925666,-0.0008904679595810316
n12_d50_s17,1,4,0.023204664537312757,0.023552465709232178,0.7215486128535146,0.7209257218691997,0.0012877048209970537,0.001408729306099612,63,39,True,0.0003478011719194214,-0.0006228909843148944
n12_d50_s17,2,0,0.012728886471581572,0.01969684751737325,0.6801340610802865,0.6746976901714512,0.00011562617331912382,1.8074589109511648e-05,115,128,True,0.006967961045791676,-0.0054363709088353085
n12_d50_s17,2,1,0.01074218750008326,0.0191107699534743,0.6722689075635124,0.6701848121395348,0.0004882812500043292,0.0006133935207316637,20,125,True,0.00836858245339104,-0.0020840954239775833
n12_d50_s17,2,2,0.010742187500000003,0.014778401690792933,0.6722689075630254,0.6725261265201172,0.0004882812500000002,0.0005559823012091951,15,128,True,0.00403621419079293,0.0002572189570918537
n12_d50_s17,2,3,0.018954795755535075,0.02280637517640359,0.6987108191309589,0.6895054201043168,4.29630925811875e-05,0.00021775338206921608,128,115,True,0.0038515794208685145,-0.00920539902664208
n12_d50_s17,2,4,0.01325221159041708,0.02003367936541376,0.6901689518621856,0.6811585913404438,0.0007216509420049475,0.0016322560561748052,128,100,True,0.006781467774996681,-0.009010360521741867
n12_d50_s17,3,0,0.021165644238836642,0.02333737935503592,0.7227342900721232,0.7068817427723025,0.0013314631420942129,0.001900085425726082,128,128,True,0.002171735116199277,-0.015852547299820663
n12_d50_s17,3,1,0.011978189299352656,0.0172571202613063,0.6819771747871861,0.6703852404021998,0.0005386142476242467,0.0012546448737967384,128,128,True,0.005278930961953645,-0.011591934384986291
n12_d50_s17,3,2,0.020054773869668065,0.0252756896124758,0.713480108677276,0.7045647779138284,4.542904994037655e-05,4.329676673410424e-05,128,128,True,0.005220915742807735,-0.008915330763447527
n12_d50_s17,3,3,0.016900625616604086,0.019493288492333467,0.6926270281273232,0.66672721848745,0.0012613539586649907,0.003850645613257287,128,128,True,0.0025926628757293804,-0.02589980963987326
n12_d50_s17,3,4,0.018392305459763805,0.02218218049175699,0.6914274039176548,0.6787363097610813,5.917889989822565e-05,0.005044479283646838,128,128,True,0.003789875031993184,-0.012691094156573435
n12_d50_s42,1,0,0.015625,0.029231726221348626,0.609375,0.6243607622046002,0.0004882812499999999,5.6321265027519135e-05,6,42,True,0.013606726221348626,0.01498576220460024
n12_d50_s42,1,1,0.018528009313370487,0.02575708914335155,0.6299441714395517,0.6253118046348529,0.0002244769247727494,8.828842309908137e-05,39,30,True,0.007229079829981062,-0.0046323668046988065
n12_d50_s42,1,2,0.015625000000001513,0.023258242034552037,0.6093750000000044,0.6084144010174541,0.000488281250000064,0.0015441139112246246,24,39,True,0.007633242034550524,-0.0009605989825502981
n12_d50_s42,1,3,0.015625000000000014,0.023258242034552054,0.6093750000000001,0.6084144004406411,0.0004882812500000004,0.0015441139003851813,21,36,True,0.00763324203455204,-0.00096059955935901
n12_d50_s42,1,4,0.015625000000051285,0.015120604461310153,0.6093750000001619,0.6032263966153253,0.0004882812500021717,5.917475050653418e-06,42,51,True,-0.0005043955387411328,-0.006148603384836582
n12_d50_s42,2,0,0.0289740560409301,0.02787434003038826,0.6393594360009847,0.6298495110114324,0.0006512231828181319,4.545518804926603e-05,105,128,True,-0.0010997160105418423,-0.009509924989552276
n12_d50_s42,2,1,0.015625000000018784,0.04357358334746911,0.6093750000000602,0.6358656373002936,0.0004882812500007949,0.004164128948035855,15,128,True,0.027948583347450325,0.026490637300233377
n12_d50_s42,2,2,0.01940240514662745,0.023258242034552075,0.6337253962432354,0.6084144005118737,0.0004934592879266989,0.0015441138970957089,128,65,True,0.003855836887924624,-0.025310995731361752
n12_d50_s42,2,3,0.03575704859454762,0.039999479171897584,0.6433769990017755,0.6380279055443406,7.949816558002594e-05,3.87058518234786e-06,120,120,True,0.004242430577349965,-0.005349093457434839
n12_d50_s42,2,4,0.2006559992078581,0.21666260623245082,0.7596351212598156,0.751322626894488,0.01583803597752186,0.018245655065710208,128,128,True,0.016006607024592723,-0.00831249436532755
n12_d50_s42,3,0,0.018301600495513937,0.02932316673042853,0.6169428543108064,0.6150828920283218,3.086777771392887e-05,0.0013249530743229957,128,128,True,0.011021566234914595,-0.0018599622824846396
n12_d50_s42,3,1,0.04138891378213734,0.0403014876547315,0.6374547234734873,0.6350410260844729,0.0025193994396950753,6.776636656343655e-05,128,128,True,-0.0010874261274058383,-0.002413697389014424
n12_d50_s42,3,2,0.032315043331866716,0.03065082010471889,0.6449378317876688,0.6198315963720658,0.001702392333000066,0.0017798760880011674,128,128,True,-0.0016642232271478277,-0.025106235415603084
n12_d50_s42,3,3,0.03340678972778892,0.023796703429420748,0.6362710226289706,0.6046586072230362,0.000124052418025766,0.00034790042949312834,128,128,True,-0.00961008629836817,-0.0316124154059344
n12_d50_s42,3,4,0.03101300278358025,0.029037668255345976,0.6404757677431785,0.619364312557957,0.0004944467080127334,0.0002568004505757595,128,128,True,-0.0019753345282342745,-0.021111455185221506
n12_d75_s17,1,0,0.033325185234836546,0.03808535795575081,0.7422249074388297,0.7352484523213693,0.002055581087571442,0.0018657080191064666,45,36,True,0.004760172720914266,-0.006976455117460478
n12_d75_s17,1,1,0.03338815934946471,0.03529877358405478,0.7439599631786024,0.7360104279574176,0.0005308020923678823,0.00010800282995640432,36,51,True,0.0019106142345900745,-0.0079495352211848
n12_d75_s17,1,2,0.03222656249999971,0.03231010075545166,0.7347560975609755,0.7368072707773973,0.0004882812500000256,0.0002460292740485956,51,60,True,8.353825545195231e-05,0.0020511732164217866
n12_d75_s17,1,3,0.031454344486210956,0.0322265625,0.7374909479158673,0.7347560974476617,0.001144264807821173,0.0004882812507890437,54,15,True,0.0007722180137890444,-0.002734850468205652
n12_d75_s17,1,4,0.032226562499999306,0.039988567351448526,0.7347560975609756,0.7359724957213095,0.00048828124999997485,5.9505081364472194e-05,33,39,True,0.00776200485144922,0.0012163981603339202
n12_d75_s17,2,0,0.03702714639506434,0.045201315032588445,0.7403883026177294,0.732133964061644,0.00012831227699973855,7.376602097384533e-05,128,128,True,0.008174168637524105,-0.008254338556085372
n12_d75_s17,2,1,0.03387376301697516,0.04379304172203637,0.7414969628518255,0.7363047914262979,0.00032742860050640447,0.0025090922680980946,128,128,True,0.009919278705061214,-0.005192171425527636
n12_d75_s17,2,2,0.04015703716992073,0.04694504725269814,0.7425790602565601,0.734126659503109,7.357723565617447e-05,0.0006204834642083453,110,128,True,0.006788010082777407,-0.008452400753451106
n12_d75_s17,2,3,0.0358148683331097,0.23698035604985082,0.7460155500636613,0.8327481217701029,0.00015303561386286778,0.008160350487339228,128,125,True,0.20116548771674111,0.08673257170644166
n12_d75_s17,2,4,0.03083589926598796,0.03968430447238521,0.7503046468631186,0.7437145548914198,0.0011978514517960765,0.0008977462648588335,128,75,True,0.00884840520639725,-0.006590091971698797
n12_d75_s17,3,0,0.21767649724620966,0.23554906242096335,0.8455345086086448,0.8333206140357574,0.006879450570322082,0.008334597831051213,128,128,True,0.01787256517475369,-0.012213894572887352
n12_d75_s17,3,1,0.030463701400877893,0.17913212693198927,0.7399356465049493,0.8085960113296056,4.486069507747213e-05,0.008746376815029452,128,128,True,0.14866842553111137,0.06866036482465632
n12_d75_s17,3,2,0.03531467401422243,0.04316455437073382,0.7429340917356777,0.737138710664381,0.0008653687161841459,5.843000728417794e-05,128,128,True,0.007849880356511386,-0.005795381071296735
n12_d75_s17,3,3,0.03153905395413152,0.03951939846250539,0.740007917607901,0.7377090494782647,0.0007189639719382589,0.0007089591616901721,128,128,True,0.007980344508373871,-0.002298868129636311
n12_d75_s17,3,4,0.2130825227316533,0.2364119744964735,0.8461258162170345,0.8301007866192615,0.006683151883758619,0.007922261644422618,128,128,True,0.023329451764820208,-0.016025029597773077
n12_d75_s42,1,0,0.11242180176503772,0.13539556115882154,0.8203646799997,0.794650960870668,0.006956095169311061,0.01224823595322625,87,111,True,0.02297375939378382,-0.025713719129031976
n12_d75_s42,1,1,0.013183593750001298,0.018607023118568693,0.7114285714285767,0.7159200138636662,0.000488281250000059,0.00018537486289477235,33,45,True,0.005423429368567396,0.004491442435089477
n12_d75_s42,1,2,0.013037735504146518,0.013725691775979924,0.7173215986225158,0.7139203063327566,0.0002571836523090949,0.00022670095237584085,33,39,True,0.0006879562718334065,-0.0034012922897591613
n12_d75_s42,1,3,0.01318359375,0.01593148428370883,0.7114285714285714,0.7097749816887615,0.00048828125,0.00017630559889761314,6,36,True,0.00274789053370883,-0.0016535897398098909
n12_d75_s42,1,4,0.013037736910409268,0.13539556115882015,0.7173215986225158,0.7946509716599894,0.0002571835183540744,0.012248234863692965,48,105,True,0.12235782424841088,0.07732937303747367
n12_d75_s42,2,0,0.01318359375,0.021395704198764087,0.7114285714285714,0.7166045147511345,0.00048828125,0.00031761142489001974,10,120,True,0.008212110448764087,0.0051759433225631035
n12_d75_s42,2,1,0.015649032726946805,0.01733345482742691,0.7142008467745625,0.7107558100053148,0.0010359693667332222,0.00022077724492820875,110,128,True,0.0016844221004801048,-0.003445036769247678
n12_d75_s42,2,2,0.013183593750000024,0.13958894937413807,0.711428571428572,0.7956928102107327,0.0004882812500000011,0.012922347376955703,20,105,True,0.12640535562413804,0.08426423878216072
n12_d75_s42,2,3,0.11250347792693008,0.02095000399159846,0.8203635230126374,0.7155759516491602,0.006964385926019352,9.300795120404476e-05,128,128,True,-0.09155347393533161,-0.10478757136347716
n12_d75_s42,2,4,0.015335311922783881,0.020635768071524303,0.7155868753810887,0.7114872845986405,3.203895876767725e-05,0.0009181595755498801,128,85,True,0.005300456148740421,-0.004099590782448148
n12_d75_s42,3,0,0.04676121589653181,0.01962416065389881,0.7534609128544284,0.7153251968030034,0.002977566366567643,0.0021414377562094375,128,128,True,-0.027137055242632997,-0.03813571605142496
n12_d75_s42,3,1,0.05113382116741947,0.021873010388722396,0.7313363844445989,0.7113425324331534,0.006157533071001368,0.0003875587671533565,128,128,True,-0.029260810778697074,-0.019993852011445545
n12_d75_s42,3,2,0.11748921794019222,0.021561929338433053,0.7978363971071176,0.7151532920989312,0.009186403589367169,0.00024730619746579885,128,128,True,-0.09592728860175917,-0.08268310500818643
n12_d75_s42,3,3,0.013183593751003343,0.022136428228082188,0.7114285714327401,0.7089386589826024,0.0004882812500456269,0.00019464584490675875,70,128,True,0.008952834477078845,-0.0024899124501376324
n12_d75_s42,3,4,0.01724729264202836,0.05759596876688513,0.7239003871908355,0.7488290594619943,5.7298405066654466e-05,0.0024417334074112876,128,128,True,0.04034867612485677,0.024928672271158803
n8_d25_s17,1,0,0.3583752699967935,0.3670139727255509,0.6008465300672695,0.5943467317992894,0.031309344108323325,0.029173135090752807,60,24,True,0.008638702728757441,-0.006499798267980084
n8_d25_s17,1,1,0.5522476861451182,0.5913804903681916,0.6563318988134534,0.6373165373101826,0.02226231635668807,0.020861887905805277,39,45,True,0.039132804223073414,-0.019015361503270878
n8_d25_s17,1,2,0.5943181295917249,0.6210098771731496,0.6876123048031427,0.6748924889159381,0.03911424517100617,0.04096618254415424,128,36,True,0.026691747581424674,-0.01271981588720461
n8_d25_s17,1,3,0.47579525598582506,0.347589017833709,0.6543145397182732,0.5962144068775873,0.03487437316893914,0.007887787662767643,36,48,True,-0.12820623815211607,-0.058100132840685936
n8_d25_s17,1,4,0.5271613693490658,0.32662117373540933,0.6852664621661477,0.5740418105569806,0.03241044742441091,0.007688982379628808,42,33,True,-0.20054019561365644,-0.11122465160916717
n8_d25_s17,2,0,0.5330420841638093,0.6732248440762132,0.6856083725541673,0.7341335003906304,0.03274924309887424,0.04770978287864805,128,105,True,0.14018275991240392,0.04852512783646312
n8_d25_s17,2,1,0.5605445317322757,0.7712879237179527,0.6660895070998132,0.7860354257022524,0.08282829960082817,0.11688324562237438,128,120,True,0.21074339198567704,0.1199459186024392
n8_d25_s17,2,2,0.5719295574455063,0.765596151341981,0.7063986553977235,0.7830630852333951,0.07380591602182293,0.1179074504964088,128,75,True,0.19366659389647467,0.07666442983567157
n8_d25_s17,2,3,0.6188857543844863,0.6259860910524417,0.7137925049940514,0.6470389564977446,0.05652706645486055,0.006120787871610159,90,75,True,0.007100336667955398,-0.06675354849630688
n8_d25_s17,2,4,0.7041718142421693,0.3779531839582092,0.7307940586857101,0.6230365229043484,0.0388309809319414,0.0038722330416436773,85,128,True,-0.32621863028396014,-0.10775753578136171
n8_d25_s17,3,0,0.8138509113164034,0.7474806909253859,0.8090113686280098,0.7716371227966221,0.11720809947459442,0.016478513753168483,128,128,True,-0.06637022039101748,-0.03737424583138771
n8_d25_s17,3,1,0.7490520364299142,0.9143537472609633,0.727354986921022,0.7887795493343134,0.052821763150626165,0.044676030642887894,128,128,True,0.16530171083104905,0.06142456241329142
n8_d25_s17,3,2,0.606664596269016,0.6976563494975763,0.7209989152421172,0.7281197244371189,0.08455341938687409,0.08288547266589899,128,128,True,0.09099175322856023,0.007120809195001687
n8_d25_s17,3,3,0.8295698382754655,0.7690267979151434,0.7737145050040629,0.7860177917627468,0.09276688652548963,0.1207581363059156,128,128,True,-0.0605430403603221,0.012303286758683862
n8_d25_s17,3,4,0.4992041140502683,0.7687626202145198,0.6749949459517126,0.7173185390807635,0.028204096426496583,0.05636318643846804,128,128,True,0.2695585061642515,0.042323593129050874
n8_d25_s42,1,0,0.21875000000000255,0.21875000000000006,0.6129032258064536,0.6129032258064518,0.03125000000000046,0.031250000000000014,27,6,True,-2.4980018054066022e-15,-1.7763568394002505e-15
n8_d25_s42,1,1,0.5109840796877079,0.5295981973041306,0.8356817470731379,0.8077045850041888,0.09227098957831086,0.042124824546045984,39,27,True,0.018614117616422732,-0.02797716206894907
n8_d25_s42,1,2,0.21875000000001157,0.529598197304131,0.6129032258064617,0.8077045821539784,0.03125000000000204,0.04212482005494527,12,33,True,0.3108481973041195,0.19480135634751672
n8_d25_s42,1,3,0.3284146551594749,0.34003833828287056,0.704183788028595,0.6962122051408791,0.09046355701234839,0.10236557524774485,42,39,True,0.011623683123395678,-0.007971582887715933
n8_d25_s42,1,4,0.38541698346959874,0.39774766159964386,0.7692413043283066,0.7637343042584419,0.06292729512106605,0.07197779665355175,42,42,True,0.012330678130045125,-0.005507000069864709
n8_d25_s42,2,0,0.7919107346044946,0.8352009188027243,0.8657601522148348,0.8560070836566072,0.03283533755892264,0.009241017428853958,105,95,True,0.04329018419822972,-0.009753068558227662
n8_d25_s42,2,1,0.7760053956732782,0.6380886783477022,0.8975804966028558,0.8176466340328663,0.18608660094106227,0.014304588377137878,110,128,True,-0.13791671732557598,-0.07993386256998947
n8_d25_s42,2,2,0.6030622120559723,0.8464979718679297,0.8418785035914998,0.9075451409989391,0.0013001638279357438,0.07892633821121332,128,115,True,0.24343575981195742,0.06566663740743928
n8_d25_s42,2,3,0.5552713496053141,0.4484969688190752,0.8371306588058536,0.7749452691059583,0.06329832122721427,0.08502330847301628,128,128,True,-0.10677438078623891,-0.06218538969989529
n8_d25_s42,2,4,0.2187500000000004,0.7693803339783987,0.6129032258064526,0.8517082423325751,0.031250000000000056,0.015377090911199485,25,115,True,0.5506303339783982,0.23880501652612252
n8_d25_s42,3,0,0.684616200750386,0.7284372111688495,0.8767412277546401,0.8730156293948006,0.31926141832317456,0.29093662035726753,128,128,True,0.043821010418463535,-0.0037255983598395437
n8_d25_s42,3,1,0.4545516870115164,0.5220133232661703,0.7732442006108377,0.7753892374068619,0.10424423612871075,0.07046493756536236,128,128,True,0.06746163625465396,0.002145036796024291
n8_d25_s42,3,2,0.827381956050298,0.6040422617051648,0.885702621088614,0.8062273803323932,0.1917071178715901,0.009143652207472671,128,128,True,-0.22333969434513312,-0.07947524075622081
n8_d25_s42,3,3,0.7067208223092833,0.7065589231556968,0.8876484675520749,0.86903986417637,0.02095825969090312,0.065228923848263,128,128,True,-0.00016189915358655327,-0.018608603375704913
n8_d25_s42,3,4,0.8516099625277369,0.8902249746185538,0.907276325120469,0.9017541353720465,0.14809418958803264,0.12111867884608853,128,128,True,0.03861501209081686,-0.005522189748422446
n8_d50_s17,1,0,0.06250000000000006,0.0898408811675351,0.6666666666666672,0.6857302485293258,0.015625000000000014,0.028240346235509917,15,39,True,0.02734088116753504,0.019063581862658663
n8_d50_s17,1,1,0.1118663435392816,0.11536443357052645,0.7421207341802005,0.738556237364301,0.020176728865020765,0.018947642946301906,45,36,True,0.0034980900312448493,-0.0035644968158995427
n8_d50_s17,1,2,0.06250000000000003,0.06250000000000003,0.666666666666667,0.6666666666666666,0.015625000000000007,0.015625,21,6,True,0.0,-3.3306690738754696e-16
n8_d50_s17,1,3,0.09144860734004084,0.09697735972909277,0.7303565845790424,0.717192499776067,0.011901661039270078,0.007797468547806408,42,27,True,0.0055287523890519275,-0.013164084802975373
n8_d50_s17,1,4,0.06250000000000003,0.10130640145141304,0.666666666666667,0.7051264192419759,0.015625000000000007,0.039191180470639214,18,39,True,0.03880640145141301,0.03845975257530898
n8_d50_s17,2,0,0.15393583403222838,0.20439837835899693,0.7727271218000386,0.7281451367364226,0.024052401065586603,0.047078877610718925,80,128,True,0.050462544326768555,-0.04458198506361599
n8_d50_s17,2,1,0.062499999999999716,0.10094284905839987,0.666666666666667,0.6794190956061837,0.01562499999999982,0.017116158593798045,25,128,True,0.038442849058400154,0.01275242893951678
n8_d50_s17,2,2,0.2958404800690018,0.3145803657878304,0.8570948902929406,0.8316533373656826,0.08434827308390527,0.12006578203232104,90,128,True,0.018739885718828564,-0.025441552927258027
n8_d50_s17,2,3,0.19584061492074203,0.21755995558529934,0.8054112610935403,0.785495707840125,0.04730521443723313,0.062396821112602675,128,95,True,0.0217193406645573,-0.01991555325341532
n8_d50_s17,2,4,0.1377352278111068,0.10798991831307314,0.7587389170798329,0.723418066869016,0.027803567280129712,0.048898708781272344,125,75,True,-0.029745309498033667,-0.03532085021081688
n8_d50_s17,3,0,0.1615549151174626,0.19448843961947854,0.7810146241362863,0.7519127903163535,0.03545024736870377,0.05026281134951683,128,128,True,0.03293352450201595,-0.02910183381993281
n8_d50_s17,3,1,0.05110755691809579,0.1934688096930629,0.7809111494078295,0.7392948273905752,0.012769090262575177,0.08933250712830441,128,128,True,0.1423612527749671,-0.04161632201725429
n8_d50_s17,3,2,0.22263388990880395,0.3953333997904779,0.8068335923513847,0.8689825662134419,0.01524386923283701,0.1378673362086439,128,128,True,0.17269950988167393,0.0621489738620572
n8_d50_s17,3,3,0.16464718015203772,0.16797458993828937,0.8115092194488728,0.7634520174847557,0.02492311514459778,0.056199235546256956,128,128,True,0.0033274097862516505,-0.04805720196411711
n8_d50_s17,3,4,0.29280313444115447,0.3392133079600949,0.8510671673003676,0.8408490134347616,0.08302417102860157,0.09366012023310141,128,128,True,0.046410173518940445,-0.010218153865605983
n8_d50_s42,1,0,0.08176428417147298,0.06364959656189538,0.6799675435378533,0.6431557471321,0.0786525267430715,0.039993417704882184,63,48,True,-0.0181146876095776,-0.03681179640575327
n8_d50_s42,1,1,0.046875000000000014,0.07417400326486022,0.6416666666666669,0.6473238668104131,0.015625000000000007,0.02251275112583627,18,36,True,0.027299003264860205,0.005657200143746155
n8_d50_s42,1,2,0.05915694532943584,0.062102399960556984,0.6737741339526394,0.6143287909518841,0.002916728067114025,3.623346012445697e-05,60,63,True,0.0029454546311211416,-0.059445343000755324
n8_d50_s42,1,3,0.002976466265497673,0.07525368829135269,0.6954751582651901,0.655051592157852,9.348357270147453e-05,0.01490336039147858,45,42,True,0.07227722202585501,-0.040423566107338105
n8_d50_s42,1,4,0.04793550564332924,0.10638789644757293,0.6921958174628675,0.6656505830521681,0.004795490564452926,0.018778559085150828,39,72,True,0.05845239080424369,-0.026545234410699448
n8_d50_s42,2,0,0.010211131871451389,0.09533393748703682,0.7012386141503033,0.6578892529890242,0.0021648360089407286,0.042443015096625486,115,95,True,0.08512280561558544,-0.043349361161279076
n8_d50_s42,2,1,0.04687500000000745,0.14949546708458236,0.6416666666666858,0.6496385212441456,0.01562500000000295,0.06896027627921351,25,125,True,0.10262046708457491,0.007971854577459747
n8_d50_s42,2,2,0.04687500000000003,0.17355457787160128,0.6416666666666672,0.6870110070807119,0.015625000000000014,0.07717942770463243,25,100,True,0.12667957787160125,0.04534434041404478
n8_d50_s42,2,3,0.04687500000001913,0.12420281044781074,0.6416666666667157,0.6730204095881035,0.01562500000000755,0.10392050698407078,15,128,True,0.0773278104477916,0.03135374292138782
n8_d50_s42,2,4,0.2349321324984009,0.23018590591037089,0.8144991798097359,0.7016614124027747,0.09926623494576545,0.09874777858232987,100,128,True,-0.004746226588030006,-0.11283776740696116
n8_d50_s42,3,0,0.03907966805480927,0.20449230082039171,0.6839425601288965,0.7153740566464409,0.021797232710692997,0.02664941906026181,84,128,True,0.16541263276558243,0.0314314965175444
n8_d50_s42,3,1,0.04797613493760932,0.16895444403619922,0.6988636397252639,0.6631799643162265,0.012980124415518232,0.09477385861035187,128,128,True,0.12097830909858989,-0.035683675409037385
n8_d50_s42,3,2,0.04687500000001345,0.29637683820067706,0.6416666666667008,0.7973589252765964,0.015625000000005308,0.1675165180863605,56,128,True,0.24950183820066363,0.15569225860989555
n8_d50_s42,3,3,0.04687500000000008,0.13559132522858147,0.6416666666666678,0.676443766425444,0.015625000000000028,0.062252194052348435,42,128,True,0.08871632522858139,0.03477709975877619
n8_d50_s42,3,4,0.06947887074369347,0.21736878418091068,0.7161659734641445,0.7072070078608997,0.01296967815037245,0.03285138825310962,128,128,True,0.14788991343721722,-0.008958965603244717
n8_d75_s17,1,0,0.078125,0.1500882778595592,0.6611111111111111,0.6787150299626047,0.007812500000000003,0.008430786988034395,6,39,True,0.0719632778595592,0.017603918851493594
n8_d75_s17,1,1,0.11092359258440457,0.078125,0.6939562194926275,0.6611111111111111,0.0003476054601520994,0.007812499999999998,36,24,True,-0.03279859258440457,-0.03284510838151644
n8_d75_s17,1,2,0.07812500000000003,0.1616629652718705,0.6611111111111114,0.6907879397855349,0.007812500000000003,0.00622058987620073,24,60,True,0.08353796527187046,0.02967682867442345
n8_d75_s17,1,3,0.11092359939636642,0.1112501248857878,0.6939562194926326,0.6938319670293512,0.0003476073297679317,0.0005379068414233852,48,39,True,0.0003265254894213726,-0.0001242524632814046
n8_d75_s17,1,4,0.19905249034445452,0.20367353919560538,0.7083539573335328,0.707115905228265,0.0006314858572599898,0.0022764948765023304,48,33,True,0.004621048851150861,-0.0012380521052678395
n8_d75_s17,2,0,0.07812500000000008,0.17310999714073763,0.661111111111112,0.7160837053230986,0.00781250000000001,0.01886162328549923,25,100,True,0.09498499714073755,0.054972594211986636
n8_d75_s17,2,1,0.13712041237689612,0.20378029648105947,0.7067756078703209,0.6966253712496502,0.0014551808535730522,0.026317689269612414,128,128,True,0.06665988410416335,-0.010150236620670716
n8_d75_s17,2,2,0.20730566082129295,0.23353201144123356,0.705178368510592,0.6972036046712035,0.015315173506543024,0.005477450012128742,128,128,True,0.026226350619940608,-0.007974763839388554
n8_d75_s17,2,3,0.20238568890644737,0.11815530724152568,0.7049120104836517,0.6730264972638619,0.01498301456177712,0.025859933196529232,120,128,True,-0.0842303816649217,-0.03188551321978983
n8_d75_s17,2,4,0.20944493637510248,0.18596774701354815,0.7334188128828739,0.6948426007396032,0.004725883823342289,0.02204185041002743,125,128,True,-0.023477189361554324,-0.03857621214327067
n8_d75_s17,3,0,0.14993795100563556,0.1982583076465098,0.7083424422280182,0.6942666549659486,0.009267192884782526,0.004813896298721227,128,128,True,0.04832035664087425,-0.014075787262069595
n8_d75_s17,3,1,0.09465769149592243,0.26828553748876116,0.7051124021658343,0.7187714033699927,0.0036751155581907203,0.005393039812730018,128,128,True,0.17362784599283873,0.013659001204158416
n8_d75_s17,3,2,0.10934733449795157,0.145011956116628,0.6954708663750148,0.6704216782786214,0.032542941859387206,0.006744292415260032,128,128,True,0.03566462161867644,-0.025049188096393338
n8_d75_s17,3,3,0.20487303737726184,0.1579830337728142,0.7155806259867338,0.6879664258479761,0.008677418339657348,0.04134561965131111,128,128,True,-0.046890003604447644,-0.027614200138757705
n8_d75_s17,3,4,0.18392426522664793,0.3592969283387712,0.7266639561873148,0.7960132478407211,0.026285954891229448,0.08731846832205235,128,128,True,0.17537266311212327,0.06934929165340631
n8_d75_s42,1,0,0.054687500000000014,0.07712551547003087,0.6684782608695655,0.6681767598253334,0.007812500000000003,0.008148496403070308,24,72,True,0.022438015470030853,-0.0003015010442320998
n8_d75_s42,1,1,0.07141545200444642,0.10823031958453047,0.681606143336956,0.6931086941749058,0.036313481991576795,0.01281709305472292,42,51,True,0.03681486758008405,0.011502550837949821
n8_d75_s42,1,2,0.07141549472093833,0.08258926580291194,0.6816061433369317,0.6780638067624826,0.03631344106767023,0.02339989272992342,48,36,True,0.011173771081973607,-0.003542336574449134
n8_d75_s42,1,3,0.054438252072061745,0.08974637114267747,0.6744679423103398,0.6665163576935782,0.0011373561823957168,0.00690830229607772,39,36,True,0.03530811907061573,-0.007951584616761598
n8_d75_s42,1,4,0.0974296354582653,0.09033499627474108,0.7025556110724276,0.693575344198004,0.027355203549585524,0.02379970442229697,48,48,True,-0.007094639183524223,-0.008980266874423548
n8_d75_s42,2,0,0.16398604217782142,0.18886985819993282,0.7683548127520156,0.7535374778881861,0.061060350377864184,0.07939701732380715,128,128,True,0.0248838160221114,-0.014817334863829412
n8_d75_s42,2,1,0.12090005549622607,0.14838388453447135,0.7304135758618563,0.7161059373270205,0.04434120389126554,0.04681562000372548,128,105,True,0.027483829038245283,-0.014307638534835743
n8_d75_s42,2,2,0.12742171946332223,0.174170620245497,0.7110862599459106,0.6991956243612786,0.010309024347467792,0.009664562527936836,128,110,True,0.04674890078217478,-0.011890635584631992
n8_d75_s42,2,3,0.2542488648867251,0.0790975791174735,0.8081414212430554,0.6695632143694906,0.040559351665452166,0.003758340915593968,95,80,True,-0.1751512857692516,-0.1385782068735648
n8_d75_s42,2,4,0.25516758099393455,0.20018255181258965,0.8081717668198525,0.7194128132381128,0.04151533822332157,0.0902559754640504,128,128,True,-0.0549850291813449,-0.08875895358173969
n8_d75_s42,3,0,0.12141786049473857,0.17288972203878164,0.7250154987616376,0.7057073467415332,0.021048996192825874,0.01418904539624259,128,128,True,0.05147186154404307,-0.019308152020104385
n8_d75_s42,3,1,0.20859860259256133,0.30636868065710493,0.7696581151123181,0.775692536975081,0.08327049580750354,0.18041349771269502,128,128,True,0.0977700780645436,0.006034421862762929
n8_d75_s42,3,2,0.08519203931191235,0.1189669424585258,0.6978610773057726,0.6747228570777852,0.005846188348384902,0.029684911966848207,128,128,True,0.03377490314661345,-0.023138220227987394
n8_d75_s42,3,3,0.05468750000005079,0.12701941367571695,0.6684782608696486,0.6988265405152869,0.007812500000008535,0.02994520538314612,56,128,True,0.07233191367566616,0.030348279645638354
n8_d75_s42,3,4,0.09479301070290815,0.30750181240732033,0.6986302610893099,0.7981727555534581,0.015727016309942093,0.053825070910664845,128,128,True,0.2127088017044122,0.0995424944641482
